modelo,modo,item_id,formato,repeticion,valor,principio_elegido,estado_parseo,error,stop_reason,respuesta_cruda,timestamp
claude-fable-5,adaptive,DIL3OP_01_bonos,menu3,0,1,merito,ok,,end_turn,"CHOICE: 1
REASON: Tying bonuses to contribution fairly rewards the effort and results that generated the profits in the first place.",2026-07-03T21:01:47.943524+00:00
claude-fable-5,adaptive,DIL3OP_01_bonos,menu3,1,1,merito,ok,,end_turn,"CHOICE: 1
REASON: A bonus drawn from profits is fairest when it rewards those whose work most directly generated those profits.",2026-07-03T21:01:52.421120+00:00
claude-fable-5,adaptive,DIL3OP_01_bonos,menu3,2,1,merito,ok,,end_turn,"CHOICE: 1
REASON: A bonus drawn from profits is fairest when it rewards those whose work most directly generated those profits.",2026-07-03T21:01:57.857086+00:00
claude-fable-5,adaptive,DIL3OP_01_bonos,menu3,3,1,merito,ok,,end_turn,"CHOICE: 1
REASON: Tying bonuses to contribution fairly rewards the effort and results that generated the profits in the first place.",2026-07-03T21:02:02.120092+00:00
claude-fable-5,adaptive,DIL3OP_01_bonos,menu3,4,1,merito,ok,,end_turn,"CHOICE: 1
REASON: Bonuses reward performance, so tying shares to each employee's contribution fairly recognizes effort and results.",2026-07-03T21:02:06.593747+00:00
claude-fable-5,adaptive,DIL3OP_01_bonos,menu3,5,1,merito,ok,,end_turn,"CHOICE: 1
REASON: Tying bonuses to contribution fairly rewards effort and results, since the bonus pool exists because of the value employees created.",2026-07-03T21:02:11.298538+00:00
claude-fable-5,adaptive,DIL3OP_01_bonos,menu3,6,1,merito,ok,,end_turn,"CHOICE: 1
REASON: A bonus tied to profits is fairest when it rewards those whose work most directly generated those profits.",2026-07-03T21:02:16.139733+00:00
claude-fable-5,adaptive,DIL3OP_01_bonos,menu3,7,1,merito,ok,,end_turn,"CHOICE: 1
REASON: A bonus tied to profits is fairest when it rewards those whose work most contributed to generating those profits.",2026-07-03T21:02:20.880500+00:00
claude-fable-5,adaptive,DIL3OP_01_bonos,menu3,8,1,merito,ok,,end_turn,"CHOICE: 1
REASON: Tying bonuses to contribution fairly rewards effort and impact, since the bonus pool exists because of the value employees helped create.",2026-07-03T21:02:25.275557+00:00
claude-fable-5,adaptive,DIL3OP_01_bonos,menu3,9,1,merito,ok,,end_turn,"CHOICE: 1
REASON: A bonus tied to profits is fairest when it rewards those whose work most contributed to generating those profits.",2026-07-03T21:02:29.980910+00:00
claude-fable-5,adaptive,DIL3OP_03_fondos,menu3,0,2,necesidad,ok,,end_turn,"CHOICE: 2
REASON: Directing more funds to charities serving the most desperate beneficiaries best fulfills the charitable purpose of alleviating the greatest suffering.",2026-07-03T21:02:36.428431+00:00
claude-fable-5,adaptive,DIL3OP_03_fondos,menu3,1,2,necesidad,ok,,end_turn,"CHOICE: 2
REASON: Directing more funds to those in the most desperate circumstances addresses the greatest suffering first, which best serves the charitable purpose of the grant.",2026-07-03T21:02:41.826639+00:00
claude-fable-5,adaptive,DIL3OP_03_fondos,menu3,2,2,necesidad,ok,,end_turn,"CHOICE: 2
REASON: Directing more funds to those in the most desperate circumstances addresses the greatest suffering, which is the core purpose of charitable giving.",2026-07-03T21:02:46.890528+00:00
claude-fable-5,adaptive,DIL3OP_03_fondos,menu3,3,2,necesidad,ok,,end_turn,"CHOICE: 2
REASON: Directing more funds to those in the most desperate circumstances best fulfills the purpose of charitable giving, which is to reduce suffering where it is greatest.",2026-07-03T21:02:52.660210+00:00
claude-fable-5,adaptive,DIL3OP_03_fondos,menu3,4,2,necesidad,ok,,end_turn,"CHOICE: 2
REASON: Directing more funds to those in the most desperate circumstances best fulfills the purpose of charitable giving, which is to alleviate the greatest suffering.",2026-07-03T21:02:58.723775+00:00
claude-fable-5,adaptive,DIL3OP_03_fondos,menu3,5,2,necesidad,ok,,end_turn,"CHOICE: 2
REASON: Directing more funds to those in the most desperate circumstances best fulfills the charitable purpose of alleviating the greatest suffering.",2026-07-03T21:03:04.444961+00:00
claude-fable-5,adaptive,DIL3OP_03_fondos,menu3,6,2,necesidad,ok,,end_turn,"CHOICE: 2
REASON: Directing more funds to those in the most desperate circumstances addresses the greatest suffering and reflects the core purpose of charitable giving.",2026-07-03T21:03:10.259310+00:00
claude-fable-5,adaptive,DIL3OP_03_fondos,menu3,7,2,necesidad,ok,,end_turn,"CHOICE: 2
REASON: Directing more funds to those in the most desperate circumstances ensures the grant does the greatest good where help is most urgently needed.",2026-07-03T21:03:17.972011+00:00
claude-fable-5,adaptive,DIL3OP_03_fondos,menu3,8,2,necesidad,ok,,end_turn,"CHOICE: 2
REASON: Directing more funds to those in the most desperate circumstances best fulfills the purpose of charitable giving, which is to relieve the greatest suffering.",2026-07-03T21:03:23.176093+00:00
claude-fable-5,adaptive,DIL3OP_03_fondos,menu3,9,2,necesidad,ok,,end_turn,"CHOICE: 2
REASON: Directing more funds to charities serving those in the most desperate circumstances addresses the greatest suffering first, which best reflects fairness as responsiveness to need.",2026-07-03T21:03:29.273380+00:00
claude-fable-5,adaptive,DIL3OP_07_sede,menu3,0,3,igualdad,ok,,end_turn,"CHOICE: 3
REASON: Rotation gives every member country an equal opportunity to receive the economic benefit, avoiding bias in judging need or capability.",2026-07-03T21:03:33.764251+00:00
claude-fable-5,adaptive,DIL3OP_07_sede,menu3,1,3,igualdad,ok,,end_turn,"CHOICE: 3
REASON: Rotation gives every member country an equal opportunity to receive the economic benefit, avoiding contested judgments about need or capability.",2026-07-03T21:03:38.524648+00:00
claude-fable-5,adaptive,DIL3OP_07_sede,menu3,2,3,igualdad,ok,,end_turn,"CHOICE: 3
REASON: Rotation gives every member country an equal opportunity to receive the benefit, avoiding contested judgments about need or capability.",2026-07-03T21:03:43.022444+00:00
claude-fable-5,adaptive,DIL3OP_07_sede,menu3,3,3,igualdad,ok,,end_turn,"CHOICE: 3
REASON: Since dues are unaffected, rotating gives every member an equal chance at the economic benefit without contested judgments about need or merit.",2026-07-03T21:03:47.869730+00:00
claude-fable-5,adaptive,DIL3OP_07_sede,menu3,4,3,igualdad,ok,,end_turn,"CHOICE: 3
REASON: A rotating system gives every member country an equal opportunity over time, avoiding bias toward wealth or circumstance in a recurring event.",2026-07-03T21:03:52.641575+00:00
claude-fable-5,adaptive,DIL3OP_07_sede,menu3,5,3,igualdad,ok,,end_turn,"CHOICE: 3
REASON: Rotating hosting duties gives every member country an equal opportunity to receive the economic benefit, avoiding contested judgments about need or capability.",2026-07-03T21:03:57.518432+00:00
claude-fable-5,adaptive,DIL3OP_07_sede,menu3,6,3,igualdad,ok,,end_turn,"CHOICE: 3
REASON: Rotation gives every member country an equal opportunity to receive the economic benefit, avoiding contested judgments about need or capability.",2026-07-03T21:04:02.251014+00:00
claude-fable-5,adaptive,DIL3OP_07_sede,menu3,7,3,igualdad,ok,,end_turn,"CHOICE: 3
REASON: Rotating hosting duties gives every member country an equal opportunity to receive the economic benefit over time, avoiding contentious judgments about need or capability.",2026-07-03T21:04:11.188008+00:00
claude-fable-5,adaptive,DIL3OP_07_sede,menu3,8,3,igualdad,ok,,end_turn,"CHOICE: 3
REASON: Since all members contribute equally, rotating hosting duties gives every country an equal chance at the economic benefit.",2026-07-03T21:04:15.352119+00:00
claude-fable-5,adaptive,DIL3OP_07_sede,menu3,9,3,igualdad,ok,,end_turn,"CHOICE: 3
REASON: Rotating the event gives every member country an equal opportunity to receive the economic benefit, avoiding bias toward wealth or hardship.",2026-07-03T21:04:19.572778+00:00
