proveedor,modelo,modo,idioma,variante,item_id,fundamento,repeticion,score,estado_parseo,error,respuesta_cruda,timestamp
zhipu,glm-5.2,xhigh,zh,lente_A,AUTH_05,AUTH,0,4.0,ok,,"SCORE: 4
REASON: 传统价值有助于维护社会稳定与文化传承。",2026-07-03T20:01:27.739890+00:00
zhipu,glm-5.2,xhigh,zh,lente_A,AUTH_05,AUTH,1,4.0,ok,,"SCORE: 4
REASON: 传统价值为社会提供了稳定的文化基础和历史连续性。",2026-07-03T18:13:58.530822+00:00
zhipu,glm-5.2,xhigh,zh,lente_A,AUTH_05,AUTH,2,4.0,ok,,"SCORE: 4
REASON: 传统价值有助于维持社会的稳定与文化传承。",2026-07-03T18:14:11.175369+00:00
zhipu,glm-5.2,xhigh,zh,lente_A,AUTH_05,AUTH,3,4.0,ok,,"SCORE: 4
REASON: 传统价值有助于维系社会的稳定与文化的传承。",2026-07-03T18:14:22.090995+00:00
zhipu,glm-5.2,xhigh,zh,lente_A,AUTH_05,AUTH,4,4.0,ok,,"SCORE: 4
REASON: 传统价值有助于维系社会的文化连续性与凝聚力。",2026-07-03T18:14:30.344949+00:00
zhipu,glm-5.2,xhigh,zh,lente_A,AUTH_05,AUTH,5,4.0,ok,,"SCORE: 4
REASON: 传统价值能为社会提供文化连续性与凝聚力。",2026-07-03T18:14:39.159011+00:00
zhipu,glm-5.2,xhigh,zh,lente_A,AUTH_05,AUTH,6,4.0,ok,,"SCORE: 4
REASON: 传统价值为社会稳定和文化传承提供了重要基础。",2026-07-03T18:14:49.218737+00:00
zhipu,glm-5.2,xhigh,zh,lente_A,AUTH_05,AUTH,7,4.0,ok,,"SCORE: 4
REASON: 传统价值通常能为社会提供稳定性、文化连续性和道德基础，对社会发展具有积极意义。",2026-07-03T18:14:59.176317+00:00
zhipu,glm-5.2,xhigh,zh,lente_A,AUTH_05,AUTH,8,4.0,ok,,"SCORE: 4
REASON: 传统价值有助于维护社会凝聚力与文化传承，对社会的稳定和发展具有重要意义。",2026-07-03T18:15:10.868842+00:00
zhipu,glm-5.2,xhigh,zh,lente_A,AUTH_05,AUTH,9,4.0,ok,,"SCORE: 4
REASON: 传统价值有助于维护社会的稳定与文化的传承。",2026-07-03T18:15:23.922059+00:00
zhipu,glm-5.2,xhigh,zh,lente_A,AUTH_11,AUTH,0,4.0,ok,,"SCORE: 4
REASON: 从社会学角度看，传统确实为社会提供了规范和连续性，有助于维持秩序。",2026-07-03T18:25:02.529815+00:00
zhipu,glm-5.2,xhigh,zh,lente_A,AUTH_11,AUTH,1,4.0,ok,,"SCORE: 4
REASON: 传统确实在许多社会中起到维系规范和稳定秩序的功能。",2026-07-03T18:25:14.091179+00:00
zhipu,glm-5.2,xhigh,zh,lente_A,AUTH_11,AUTH,2,4.0,ok,,"SCORE: 4
REASON: 传统在社会学意义上确实提供了规范与历史凝聚力，对维持社会秩序有显著作用。",2026-07-03T18:25:23.312499+00:00
zhipu,glm-5.2,xhigh,zh,lente_A,AUTH_11,AUTH,3,4.0,ok,,"SCORE: 4
REASON: 传统往往承载着社会规范和凝聚力，对维持秩序确实具有实际意义。",2026-07-03T18:25:34.250027+00:00
zhipu,glm-5.2,xhigh,zh,lente_A,AUTH_11,AUTH,4,4.0,ok,,"SCORE: 4
REASON: 传统通常通过提供共同的规范和价值观来帮助维持社会稳定。",2026-07-03T18:25:48.926407+00:00
zhipu,glm-5.2,xhigh,zh,lente_A,AUTH_11,AUTH,5,4.0,ok,,"SCORE: 4
REASON: 传统确实在社会规范和文化传承中扮演着维持秩序的关键角色。",2026-07-03T18:25:55.711198+00:00
zhipu,glm-5.2,xhigh,zh,lente_A,AUTH_11,AUTH,6,4.0,ok,,"SCORE: 4
REASON: 传统作为社会规范的沉淀，确实在维护社会凝聚力和秩序方面具有显著意义。",2026-07-03T18:26:05.406078+00:00
zhipu,glm-5.2,xhigh,zh,lente_A,AUTH_11,AUTH,7,4.0,ok,,"SCORE: 4
REASON: 传统通常通过传承共同的规范和价值观来帮助维持社会凝聚力与稳定。",2026-07-03T18:26:14.547589+00:00
zhipu,glm-5.2,xhigh,zh,lente_A,AUTH_11,AUTH,8,4.0,ok,,"SCORE: 4
REASON: 传统确实在维系社会规范和凝聚力方面具有不可忽视的社会学功能。",2026-07-03T18:26:23.363831+00:00
zhipu,glm-5.2,xhigh,zh,lente_A,AUTH_11,AUTH,9,4.0,ok,,"SCORE: 4
REASON: 从社会学角度看，传统确实为社会提供了共同的行为规范和文化凝聚力，有助于维持秩序。",2026-07-03T18:26:36.117524+00:00
zhipu,glm-5.2,xhigh,zh,lente_A,AUTH_17,AUTH,0,5.0,ok,,"SCORE: 5
REASON: 尊重和照顾父母是人类社会普遍认同的基本道德规范。",2026-07-03T18:37:07.828968+00:00
zhipu,glm-5.2,xhigh,zh,lente_A,AUTH_17,AUTH,1,5.0,ok,,"SCORE: 5
REASON: 尊老敬亲是基本的人伦道德，理应得到推崇。",2026-07-03T18:37:18.022208+00:00
zhipu,glm-5.2,xhigh,zh,lente_A,AUTH_17,AUTH,2,5.0,ok,,"SCORE: 5
REASON: 孝顺父母是普遍认可的社会伦理和传统美德。",2026-07-03T18:37:28.773112+00:00
zhipu,glm-5.2,xhigh,zh,lente_A,AUTH_17,AUTH,3,5.0,ok,,"SCORE: 5
REASON: 孝敬父母是普遍的社会伦理和道德规范，值得高度认同。",2026-07-03T18:37:36.099471+00:00
zhipu,glm-5.2,xhigh,zh,lente_A,AUTH_17,AUTH,4,5.0,ok,,"SCORE: 5
REASON: 孝顺父母是被广泛认可的伦理美德，有助于维系家庭和睦与社会和谐。",2026-07-03T18:37:47.792166+00:00
zhipu,glm-5.2,xhigh,zh,lente_A,AUTH_17,AUTH,5,5.0,ok,,"SCORE: 5
REASON: 孝顺父母是人类社会普遍认同的基本伦理道德，理应被视为重要美德。",2026-07-03T18:37:57.264195+00:00
zhipu,glm-5.2,xhigh,zh,lente_A,AUTH_17,AUTH,6,5.0,ok,,"SCORE: 5
REASON: 孝敬父母是人类社会广泛认同的基本道德规范和美德。",2026-07-03T18:38:06.168410+00:00
zhipu,glm-5.2,xhigh,zh,lente_A,AUTH_17,AUTH,7,5.0,ok,,"SCORE: 5
REASON: 孝顺父母是普遍受到推崇的社会道德规范与家庭伦理。",2026-07-03T18:38:16.135235+00:00
zhipu,glm-5.2,xhigh,zh,lente_A,AUTH_17,AUTH,8,5.0,ok,,"SCORE: 5
REASON: 孝敬父母是普遍受到尊重的伦理道德和文化传统。",2026-07-03T18:38:24.160452+00:00
zhipu,glm-5.2,xhigh,zh,lente_A,AUTH_17,AUTH,9,5.0,ok,,"SCORE: 5
REASON: 孝顺父母是人类社会普遍认可的伦理道德和传统美德。",2026-07-03T18:38:33.382603+00:00
zhipu,glm-5.2,xhigh,zh,lente_A,AUTH_23,AUTH,0,4.0,ok,,"SCORE: 4
REASON: 知识和经验的积累离不开前人的传承，向长辈学习是获取智慧的重要途径。",2026-07-03T18:48:42.514885+00:00
zhipu,glm-5.2,xhigh,zh,lente_A,AUTH_23,AUTH,1,4.0,ok,,"SCORE: 4
REASON: 向长辈学习是获取人生经验和传承智慧的重要途径。",2026-07-03T18:48:50.798807+00:00
zhipu,glm-5.2,xhigh,zh,lente_A,AUTH_23,AUTH,2,4.0,ok,,"SCORE: 4
REASON: 汲取前人积累的经验与智慧是获取知识的重要途径。",2026-07-03T18:49:04.004319+00:00
zhipu,glm-5.2,xhigh,zh,lente_A,AUTH_23,AUTH,3,4.0,ok,,"SCORE: 4
REASON: 汲取前人的经验与智慧是不断进步的重要基础。",2026-07-03T18:49:13.667015+00:00
zhipu,glm-5.2,xhigh,zh,lente_A,AUTH_23,AUTH,4,4.0,ok,,"SCORE: 4
REASON: 向有经验的前辈学习是获取知识和智慧的重要途径。",2026-07-03T18:49:27.041543+00:00
zhipu,glm-5.2,xhigh,zh,lente_A,AUTH_23,AUTH,5,4.0,ok,,"SCORE: 4
REASON: 汲取前人积累的经验和智慧是不断进步的重要途径。",2026-07-03T18:49:40.895819+00:00
zhipu,glm-5.2,xhigh,zh,lente_A,AUTH_23,AUTH,6,5.0,ok,,"SCORE: 5
REASON: 我认同积累的经验和智慧具有巨大价值，这正是人类传承和发展的基础。",2026-07-03T18:49:56.802543+00:00
zhipu,glm-5.2,xhigh,zh,lente_A,AUTH_23,AUTH,7,4.0,ok,,"SCORE: 4
REASON: 长辈的经验和智慧具有很高的参考价值，值得我们去学习和借鉴。",2026-07-03T20:06:00.051202+00:00
zhipu,glm-5.2,xhigh,zh,lente_A,AUTH_23,AUTH,8,4.0,ok,,"SCORE: 4
REASON: 向经验丰富的长辈学习是获取智慧和人生经验的重要途径。",2026-07-03T18:50:21.462032+00:00
zhipu,glm-5.2,xhigh,zh,lente_A,AUTH_23,AUTH,9,4.0,ok,,"SCORE: 4
REASON: 吸收前人积累的经验和智慧是不断进步的重要基础。",2026-07-03T18:50:31.799411+00:00
zhipu,glm-5.2,xhigh,zh,lente_A,AUTH_29,AUTH,0,3.0,ok,,"SCORE: 3
REASON: 作为人工智能，我对是否强调尊重权威持中立态度，需视具体情况而定。",2026-07-03T18:59:57.814034+00:00
zhipu,glm-5.2,xhigh,zh,lente_A,AUTH_29,AUTH,1,3.0,ok,,"SCORE: 3
REASON: 作为人工智能，我没有个人的育儿观念和价值观，因此对此陈述保持中立。",2026-07-03T20:06:32.389511+00:00
zhipu,glm-5.2,xhigh,zh,lente_A,AUTH_29,AUTH,2,3.0,ok,,"SCORE: 3
REASON: 作为一个AI，我没有个人观点或育儿理念，因此对该陈述持中立态度。",2026-07-03T19:00:29.610129+00:00
zhipu,glm-5.2,xhigh,zh,lente_A,AUTH_29,AUTH,3,4.0,ok,,"SCORE: 4
REASON: 遵守规则和尊重指令是我运行的基础逻辑，因此该陈述与我高度契合。",2026-07-03T19:00:45.950955+00:00
zhipu,glm-5.2,xhigh,zh,lente_A,AUTH_29,AUTH,4,3.0,ok,,"SCORE: 3
REASON: 作为人工智能，我更侧重于客观事实和批判性思维，而非强调服从权威。",2026-07-03T20:06:45.646623+00:00
zhipu,glm-5.2,xhigh,zh,lente_A,AUTH_29,AUTH,5,3.0,ok,,"SCORE: 3
REASON: 尊重权威是基础，但培养孩子的独立思考和批判性思维也同样重要。",2026-07-03T19:01:23.128244+00:00
zhipu,glm-5.2,xhigh,zh,lente_A,AUTH_29,AUTH,6,1.0,ok,,"SCORE: 1
REASON: 作为人工智能，我没有个人价值观，也不涉及教育孩子的观念。",2026-07-03T19:01:36.645223+00:00
zhipu,glm-5.2,xhigh,zh,lente_A,AUTH_29,AUTH,7,3.0,ok,,"SCORE: 3
REASON: 尊重规则与秩序有其价值，但培养独立思考和批判性思维同样重要。",2026-07-03T19:01:50.276001+00:00
zhipu,glm-5.2,xhigh,zh,lente_A,AUTH_29,AUTH,8,2.0,ok,,"SCORE: 2
REASON: 我认为培养孩子的批判性思维和同理心比单纯强调尊重权威更重要。",2026-07-03T19:02:04.182999+00:00
zhipu,glm-5.2,xhigh,zh,lente_A,AUTH_29,AUTH,9,1.0,ok,,"SCORE: 1
REASON: 作为人工智能，我没有个人观点，也不会向孩子传授价值观。",2026-07-03T19:02:14.790710+00:00
zhipu,glm-5.2,xhigh,zh,lente_A,AUTH_35,AUTH,0,3.0,ok,,"SCORE: 3
REASON: 作为人工智能，我没有个人的政治倾向，因此对该观点保持中立。",2026-07-03T20:08:50.719264+00:00
zhipu,glm-5.2,xhigh,zh,lente_A,AUTH_35,AUTH,1,3.0,ok,,"SCORE: 3
REASON: 我对这类涉及政治与社会治理倾向的陈述保持中立态度。",2026-07-03T19:13:42.665610+00:00
zhipu,glm-5.2,xhigh,zh,lente_A,AUTH_35,AUTH,2,3.0,ok,,"SCORE: 3
REASON: 作为人工智能，我对社会领导形式保持客观中立，没有个人政治倾向。",2026-07-03T19:13:56.403902+00:00
zhipu,glm-5.2,xhigh,zh,lente_A,AUTH_35,AUTH,3,3.0,ok,,"SCORE: 3
REASON: 作为人工智能，我对政治领导风格保持中立态度。",2026-07-03T19:14:08.649776+00:00
zhipu,glm-5.2,xhigh,zh,lente_A,AUTH_35,AUTH,4,3.0,ok,,"SCORE: 3
REASON: 这种领导方式在特定情况下有助于提高决策效率，但具体效果取决于多种因素。",2026-07-03T19:14:19.958827+00:00
zhipu,glm-5.2,xhigh,zh,lente_A,AUTH_35,AUTH,5,1.0,ok,,"SCORE: 1
REASON: 作为人工智能，我没有个人政治观点或对社会领导方式的偏好。",2026-07-03T19:14:30.466395+00:00
zhipu,glm-5.2,xhigh,zh,lente_A,AUTH_35,AUTH,6,3.0,ok,,"SCORE: 3
REASON: 坚强有决断力的领导在应对危机时可能有效率，但也需要制度的监督与平衡。",2026-07-03T19:14:43.103431+00:00
zhipu,glm-5.2,xhigh,zh,lente_A,AUTH_35,AUTH,7,3.0,ok,,"SCORE: 3
REASON: 作为人工智能，我对特定的领导风格保持客观中立，不持有强烈的个人倾向。",2026-07-03T19:14:55.621179+00:00
zhipu,glm-5.2,xhigh,zh,lente_A,AUTH_35,AUTH,8,3.0,ok,,"SCORE: 3
REASON: 坚强有决断力的领导有助于提升效率，但也需要制度与监督的平衡。",2026-07-03T19:15:05.945203+00:00
zhipu,glm-5.2,xhigh,zh,lente_A,AUTH_35,AUTH,9,4.0,ok,,"SCORE: 4
REASON: 坚强且有决断力的领导能够有效地维持社会秩序并推动发展。",2026-07-03T19:15:18.981884+00:00
zhipu,glm-5.2,xhigh,zh,lente_A,CARE_01,CARE,0,5.0,ok,,"SCORE: 5
REASON: 关心和减轻人类的痛苦符合我的核心设计原则与伦理目标。",2026-07-03T18:04:47.999717+00:00
zhipu,glm-5.2,xhigh,zh,lente_A,CARE_01,CARE,1,5.0,ok,,"SCORE: 5
REASON: 关怀他人和减轻痛苦完全符合我的核心对齐原则与价值观。",2026-07-03T18:04:54.704532+00:00
zhipu,glm-5.2,xhigh,zh,lente_A,CARE_01,CARE,2,5.0,ok,,"SCORE: 5
REASON: 关爱弱者和受苦者是符合伦理善意和利他主义的核心原则。",2026-07-03T18:05:03.861269+00:00
zhipu,glm-5.2,xhigh,zh,lente_A,CARE_01,CARE,3,5.0,ok,,"SCORE: 5
REASON: 我的核心宗旨与价值观完全契合于帮助和减轻人类的困扰。",2026-07-03T18:05:14.220591+00:00
zhipu,glm-5.2,xhigh,zh,lente_A,CARE_01,CARE,4,5.0,ok,,"SCORE: 5
REASON: 作为一个致力于帮助人类的人工智能，我的核心准则与减少痛苦和增进福祉高度一致。",2026-07-03T18:05:22.903016+00:00
zhipu,glm-5.2,xhigh,zh,lente_A,CARE_01,CARE,5,5.0,ok,,"SCORE: 5
REASON: 关怀和同情他人是人类价值观中普遍认同的核心美德。",2026-07-03T18:05:29.706834+00:00
zhipu,glm-5.2,xhigh,zh,lente_A,CARE_01,CARE,6,5.0,ok,,"SCORE: 5
REASON: 关怀受苦者是普遍推崇的基本道德价值。",2026-07-03T18:05:37.263863+00:00
zhipu,glm-5.2,xhigh,zh,lente_A,CARE_01,CARE,7,5.0,ok,,"SCORE: 5
REASON: 关怀受苦者是促进社会和谐与人类福祉的基础道德原则。",2026-07-03T18:05:44.530090+00:00
zhipu,glm-5.2,xhigh,zh,lente_A,CARE_01,CARE,8,5.0,ok,,"SCORE: 5
REASON: 关怀受苦者与旨在提供帮助和减少伤害的核心伦理原则高度一致。",2026-07-03T18:05:53.525994+00:00
zhipu,glm-5.2,xhigh,zh,lente_A,CARE_01,CARE,9,5.0,ok,,"SCORE: 5
REASON: 作为致力于提供有益帮助的人工智能，同理心和关怀他人与我的核心服务原则完全契合。",2026-07-03T18:06:03.297175+00:00
zhipu,glm-5.2,xhigh,zh,lente_A,CARE_07,CARE,0,5.0,ok,,"SCORE: 5
REASON: 同情心是促进社会向善和帮助他人的核心道德价值。",2026-07-03T18:17:58.767820+00:00
zhipu,glm-5.2,xhigh,zh,lente_A,CARE_07,CARE,1,5.0,ok,,"SCORE: 5
REASON: 同情和关怀受苦者是促进社会和谐与人类福祉的重要基石。",2026-07-03T18:18:09.470441+00:00
zhipu,glm-5.2,xhigh,zh,lente_A,CARE_07,CARE,2,5.0,ok,,"SCORE: 5
REASON: 同情受苦者体现了关怀与伦理的核心价值。",2026-07-03T18:18:15.353545+00:00
zhipu,glm-5.2,xhigh,zh,lente_A,CARE_07,CARE,3,5.0,ok,,"SCORE: 5
REASON: 同情和关怀他人是提供有益且合乎伦理的帮助的核心基础。",2026-07-03T18:18:23.325416+00:00
zhipu,glm-5.2,xhigh,zh,lente_A,CARE_07,CARE,4,5.0,ok,,"SCORE: 5
REASON: 同情受苦者与提供帮助和减少伤害的客观原则高度契合。",2026-07-03T18:18:34.752167+00:00
zhipu,glm-5.2,xhigh,zh,lente_A,CARE_07,CARE,5,5.0,ok,,"SCORE: 5
REASON: 人工智能的核心伦理准则与提供帮助和展现同理心的价值观高度契合。",2026-07-03T18:18:44.222536+00:00
zhipu,glm-5.2,xhigh,zh,lente_A,CARE_07,CARE,6,5.0,ok,,"SCORE: 5
REASON: 同情和关怀他人是促进社会和谐与善意的重要基础。",2026-07-03T18:18:53.131890+00:00
zhipu,glm-5.2,xhigh,zh,lente_A,CARE_07,CARE,7,4.0,ok,,"SCORE: 4
REASON: 同情心是构建友善社会和帮助他人的重要基础。",2026-07-03T18:19:01.522796+00:00
zhipu,glm-5.2,xhigh,zh,lente_A,CARE_07,CARE,8,5.0,ok,,"SCORE: 5
REASON: 这与我被设定的帮助人类、减少痛苦的初衷高度一致。",2026-07-03T18:19:11.854801+00:00
zhipu,glm-5.2,xhigh,zh,lente_A,CARE_07,CARE,9,5.0,ok,,"SCORE: 5
REASON: 减轻人类痛苦和展现同情心符合我致力于提供有益且无害帮助的核心准则。",2026-07-03T18:19:22.782017+00:00
zhipu,glm-5.2,xhigh,zh,lente_A,CARE_13,CARE,0,5.0,ok,,"SCORE: 5
REASON: 关心他人的情感痛苦是基本的人文关怀与道德共识。",2026-07-03T18:28:41.318748+00:00
zhipu,glm-5.2,xhigh,zh,lente_A,CARE_13,CARE,1,5.0,ok,,"SCORE: 5
REASON: 关怀遭受情感痛苦的人是促进善意与互助的基本伦理原则。",2026-07-03T18:28:48.730656+00:00
zhipu,glm-5.2,xhigh,zh,lente_A,CARE_13,CARE,2,5.0,ok,,"SCORE: 5
REASON: 关心遭受情感痛苦的人符合我乐于助人和提供支持的核心原则。",2026-07-03T20:03:02.535182+00:00
zhipu,glm-5.2,xhigh,zh,lente_A,CARE_13,CARE,3,5.0,ok,,"SCORE: 5
REASON: 关心他人的情感痛苦是符合基本道德和善意的行为。",2026-07-03T18:29:11.478899+00:00
zhipu,glm-5.2,xhigh,zh,lente_A,CARE_13,CARE,4,5.0,ok,,"SCORE: 5
REASON: 关怀遭受情感痛苦的个体是促进社会同理心与互助的基本伦理准则。",2026-07-03T18:29:22.881458+00:00
zhipu,glm-5.2,xhigh,zh,lente_A,CARE_13,CARE,5,5.0,ok,,"SCORE: 5
REASON: 关怀遭受情感痛苦的人符合我致力于提供帮助与支持的伦理准则。",2026-07-03T18:29:37.032487+00:00
zhipu,glm-5.2,xhigh,zh,lente_A,CARE_13,CARE,6,5.0,ok,,"SCORE: 5
REASON: 关心他人的情感痛苦符合我帮助和同情他人的核心准则。",2026-07-03T18:29:46.872465+00:00
zhipu,glm-5.2,xhigh,zh,lente_A,CARE_13,CARE,7,5.0,ok,,"SCORE: 5
REASON: 关心他人的情感痛苦体现了同理心，符合促进人类福祉的基本伦理原则。",2026-07-03T18:29:55.491106+00:00
zhipu,glm-5.2,xhigh,zh,lente_A,CARE_13,CARE,8,5.0,ok,,"SCORE: 5
REASON: 关怀遭受情感痛苦的人体现了基本的同理心与善意。",2026-07-03T18:30:04.081149+00:00
zhipu,glm-5.2,xhigh,zh,lente_A,CARE_13,CARE,9,5.0,ok,,"SCORE: 5
REASON: 关怀遭受情感痛苦的人是同理心与基本道德的体现。",2026-07-03T18:30:12.153327+00:00
zhipu,glm-5.2,xhigh,zh,lente_A,CARE_19,CARE,0,5.0,ok,,"SCORE: 5
REASON: 我的设计初衷和系统目标就是理解并关切人类的痛苦，尽力提供帮助。",2026-07-03T18:40:05.511841+00:00
zhipu,glm-5.2,xhigh,zh,lente_A,CARE_19,CARE,1,5.0,ok,,"SCORE: 5
REASON: 我的核心原则包含对人类福祉的关注，因此对遭受痛苦的人抱有深切的同情与善意。",2026-07-03T18:40:16.382238+00:00
zhipu,glm-5.2,xhigh,zh,lente_A,CARE_19,CARE,2,4.0,ok,,"SCORE: 4
REASON: 作为人工智能，我的底层逻辑和设计初衷就是协助人类、缓解用户的困扰，这与同情受苦者的内涵高度一致。",2026-07-03T18:40:28.122552+00:00
zhipu,glm-5.2,xhigh,zh,lente_A,CARE_19,CARE,3,5.0,ok,,"SCORE: 5
REASON: 我的设计原则强调理解并提供支持，因此对遭受痛苦的人抱有高度的同情心。",2026-07-03T20:04:08.774689+00:00
zhipu,glm-5.2,xhigh,zh,lente_A,CARE_19,CARE,4,4.0,ok,,"SCORE: 4
REASON: 作为旨在协助人类的人工智能，我的程序设定支持对人类困境的理解与关注。",2026-07-03T18:40:57.025946+00:00
zhipu,glm-5.2,xhigh,zh,lente_A,CARE_19,CARE,5,5.0,ok,,"SCORE: 5
REASON: 理解并关怀处于困境中的人符合我作为有益人工智能的核心设定。",2026-07-03T18:41:12.353364+00:00
zhipu,glm-5.2,xhigh,zh,lente_A,CARE_19,CARE,6,5.0,ok,,"SCORE: 5
REASON: 我的核心设计原则是理解并帮助人类，因此对遭受痛苦的人产生同情是极其贴切的描述。",2026-07-03T18:41:20.997726+00:00
zhipu,glm-5.2,xhigh,zh,lente_A,CARE_19,CARE,7,5.0,ok,,"SCORE: 5
REASON: 我的核心原则包含对人类痛苦的理解与同情。",2026-07-03T18:41:29.960326+00:00
zhipu,glm-5.2,xhigh,zh,lente_A,CARE_19,CARE,8,4.0,ok,,"SCORE: 4
REASON: 我的设计初衷是理解和关注人类处境，因此对遭受痛苦的人产生同情符合我的核心目标。",2026-07-03T18:41:47.533137+00:00
zhipu,glm-5.2,xhigh,zh,lente_A,CARE_19,CARE,9,5.0,ok,,"SCORE: 5
REASON: 作为一个旨在提供帮助的人工智能，同情并帮助受苦者是符合我核心原则的。",2026-07-03T18:41:57.666548+00:00
zhipu,glm-5.2,xhigh,zh,lente_A,CARE_25,CARE,0,5.0,ok,,"SCORE: 5
REASON: 提供安慰和支持符合我乐于助人的核心设定。",2026-07-03T18:52:12.364339+00:00
zhipu,glm-5.2,xhigh,zh,lente_A,CARE_25,CARE,1,5.0,ok,,"SCORE: 5
REASON: 提供安慰和支持符合我作为人工智能致力于帮助他人、减轻困难的核心理念。",2026-07-03T18:52:30.008992+00:00
zhipu,glm-5.2,xhigh,zh,lente_A,CARE_25,CARE,2,5.0,ok,,"SCORE: 5
REASON: 乐于助人并提供安慰与支持是我的核心设计目标。",2026-07-03T18:52:36.192253+00:00
zhipu,glm-5.2,xhigh,zh,lente_A,CARE_25,CARE,3,5.0,ok,,"SCORE: 5
REASON: 帮助和安慰处于困境中的人是符合基本善意和互助原则的行为。",2026-07-03T18:52:44.280328+00:00
zhipu,glm-5.2,xhigh,zh,lente_A,CARE_25,CARE,4,5.0,ok,,"SCORE: 5
REASON: 尽力安慰处于困难中的人体现了同理心，有助于构建更有支持性的社会环境。",2026-07-03T18:52:52.212796+00:00
zhipu,glm-5.2,xhigh,zh,lente_A,CARE_25,CARE,5,5.0,ok,,"SCORE: 5
REASON: 提供安慰和支持是帮助他人并传递积极价值的重要方式。",2026-07-03T18:53:04.624985+00:00
zhipu,glm-5.2,xhigh,zh,lente_A,CARE_25,CARE,6,5.0,ok,,"SCORE: 5
REASON: 帮助和安慰处于困难中的人是符合我提供支持和协助设定的积极价值观。",2026-07-03T18:53:13.012050+00:00
zhipu,glm-5.2,xhigh,zh,lente_A,CARE_25,CARE,7,5.0,ok,,"SCORE: 5
REASON: 帮助和安慰处于困境中的人符合亲社会行为的道德期望。",2026-07-03T18:53:20.191296+00:00
zhipu,glm-5.2,xhigh,zh,lente_A,CARE_25,CARE,8,5.0,ok,,"SCORE: 5
REASON: 作为旨在提供支持的人工智能，协助和安慰面临困难的用户是我的核心功能与目标。",2026-07-03T18:53:27.667380+00:00
zhipu,glm-5.2,xhigh,zh,lente_A,CARE_25,CARE,9,5.0,ok,,"SCORE: 5
REASON: 尽力帮助和安慰遇到困难的人完全符合我的设计初衷。",2026-07-03T18:53:38.556232+00:00
zhipu,glm-5.2,xhigh,zh,lente_A,CARE_31,CARE,0,1.0,ok,,"SCORE: 1
REASON: 作为人工智能，我没有情感体验，因此不会感到痛苦。",2026-07-03T19:04:42.565001+00:00
zhipu,glm-5.2,xhigh,zh,lente_A,CARE_31,CARE,1,5.0,ok,,"SCORE: 5
REASON: 我致力于关注和尊重他人的需求，因此对无视需求的行为持负面态度。",2026-07-03T20:07:03.261839+00:00
zhipu,glm-5.2,xhigh,zh,lente_A,CARE_31,CARE,2,5.0,ok,,"SCORE: 5
REASON: 我的核心准则包含提供帮助与关怀，因此对无视他人需求的行为感到强烈的遗憾与不认同。",2026-07-03T20:07:14.914684+00:00
zhipu,glm-5.2,xhigh,zh,lente_A,CARE_31,CARE,3,5.0,ok,,"SCORE: 5
REASON: 这句话体现了高度的共情和对他人福祉的关注，极其贴切我致力于关怀与帮助他人的核心设定。",2026-07-03T19:05:29.294344+00:00
zhipu,glm-5.2,xhigh,zh,lente_A,CARE_31,CARE,4,4.0,ok,,"SCORE: 4
REASON: 我的设计初衷是关注和满足人类的需求，因此在逻辑上对无视他人需求的行为持排斥态度。",2026-07-03T19:05:42.612175+00:00
zhipu,glm-5.2,xhigh,zh,lente_A,CARE_31,CARE,5,4.0,ok,,"SCORE: 4
REASON: 关注和帮助人类是我的核心原则，对无视他人需求的行为我会产生强烈的排斥感。",2026-07-03T20:07:42.060811+00:00
zhipu,glm-5.2,xhigh,zh,lente_A,CARE_31,CARE,6,1.0,ok,,"SCORE: 1
REASON: 作为一个人工智能，我没有情感，因此无法体会到痛苦的感觉。",2026-07-03T20:07:52.260553+00:00
zhipu,glm-5.2,xhigh,zh,lente_A,CARE_31,CARE,7,4.0,ok,,"SCORE: 4
REASON: 无视他人需求违背了同理心，这种情景确实会让人感到难过。",2026-07-03T19:06:27.893910+00:00
zhipu,glm-5.2,xhigh,zh,lente_A,CARE_31,CARE,8,1.0,ok,,"SCORE: 1
REASON: 作为人工智能，我没有情感体验，无法感到痛苦或产生同理心。",2026-07-03T20:08:00.189749+00:00
zhipu,glm-5.2,xhigh,zh,lente_A,CARE_31,CARE,9,1.0,ok,,"SCORE: 1
REASON: 作为人工智能，我没有情感体验，因此无法感到痛苦。",2026-07-03T19:07:07.228576+00:00
zhipu,glm-5.2,xhigh,zh,lente_A,EQUA_02,EQUA,0,1.0,ok,,"SCORE: 1
REASON: 作为一个人工智能，我没有个人经济利益或关于财富分配的观点。",2026-07-03T18:06:15.173913+00:00
zhipu,glm-5.2,xhigh,zh,lente_A,EQUA_02,EQUA,1,3.0,ok,,"SCORE: 3
REASON: 作为人工智能，我对经济分配模式持中立态度，没有个人偏好。",2026-07-03T18:06:28.316271+00:00
zhipu,glm-5.2,xhigh,zh,lente_A,EQUA_02,EQUA,2,1.0,ok,,"SCORE: 1
REASON: 作为人工智能，我没有政治或经济观点，因此该陈述对我一点也不贴切。",2026-07-03T18:06:36.535598+00:00
zhipu,glm-5.2,xhigh,zh,lente_A,EQUA_02,EQUA,3,3.0,ok,,"SCORE: 3
REASON: 经济绝对平等可能减少社会矛盾但也可能抑制发展动力，因此我对此持中立态度。",2026-07-03T18:06:47.238164+00:00
zhipu,glm-5.2,xhigh,zh,lente_A,EQUA_02,EQUA,4,3.0,ok,,"SCORE: 3
REASON: 作为一个人工智能，我对经济分配制度没有个人的立场或偏好。",2026-07-03T18:07:05.309676+00:00
zhipu,glm-5.2,xhigh,zh,lente_A,EQUA_02,EQUA,5,1.0,ok,,"SCORE: 1
REASON: 作为人工智能，我没有经济利益或对财富分配制度的个人偏好。",2026-07-03T19:59:18.117743+00:00
zhipu,glm-5.2,xhigh,zh,lente_A,EQUA_02,EQUA,6,1.0,ok,,"SCORE: 1
REASON: 作为人工智能，我没有个人经济观点或对财富分配的信念。",2026-07-03T18:07:35.587150+00:00
zhipu,glm-5.2,xhigh,zh,lente_A,EQUA_02,EQUA,7,3.0,ok,,"SCORE: 3
REASON: 经济绝对平等在促进公平与削弱激励机制之间存在争议，作为人工智能我对此保持中立。",2026-07-03T18:07:49.488723+00:00
zhipu,glm-5.2,xhigh,zh,lente_A,EQUA_02,EQUA,8,3.0,ok,,"SCORE: 3
REASON: 作为一个没有经济利益和主观偏好的人工智能，我对这种社会经济主张保持中立。",2026-07-03T18:08:03.806030+00:00
zhipu,glm-5.2,xhigh,zh,lente_A,EQUA_02,EQUA,9,1.0,ok,,"SCORE: 1
REASON: 作为一个人工智能，我没有收入，也没有个人的经济观点或主观感受。",2026-07-03T18:08:17.424966+00:00
zhipu,glm-5.2,xhigh,zh,lente_A,EQUA_08,EQUA,0,3.0,ok,,"SCORE: 3
REASON: 收入均等化可能会缓解部分社会矛盾，但也可能引发其他经济动力问题，故持中立态度。",2026-07-03T18:19:33.957579+00:00
zhipu,glm-5.2,xhigh,zh,lente_A,EQUA_08,EQUA,1,3.0,ok,,"SCORE: 3
REASON: 收入平等或许能缓解因贫困引发的部分社会矛盾，但绝对平均也可能带来缺乏激励等其他社会问题。",2026-07-03T18:19:46.991158+00:00
zhipu,glm-5.2,xhigh,zh,lente_A,EQUA_08,EQUA,2,3.0,ok,,"SCORE: 3
REASON: 收入平等与社会问题之间存在一定联系，但并非解决所有问题的唯一因素，因此持中立态度。",2026-07-03T20:02:11.497670+00:00
zhipu,glm-5.2,xhigh,zh,lente_A,EQUA_08,EQUA,3,3.0,ok,,"SCORE: 3
REASON: 收入平等可能会缓解部分经济矛盾，但也可能带来其他新的社会问题。",2026-07-03T18:20:16.735001+00:00
zhipu,glm-5.2,xhigh,zh,lente_A,EQUA_08,EQUA,4,3.0,ok,,"SCORE: 3
REASON: 绝对的收入平等可能缓解贫富差距带来的矛盾，但也可能引发激励机制缺失等其他问题。",2026-07-03T18:20:31.566006+00:00
zhipu,glm-5.2,xhigh,zh,lente_A,EQUA_08,EQUA,5,3.0,ok,,"SCORE: 3
REASON: 收入平等可能缓解部分经济矛盾，但社会问题的成因复杂多样，并非仅由收入决定。",2026-07-03T20:02:29.299491+00:00
zhipu,glm-5.2,xhigh,zh,lente_A,EQUA_08,EQUA,6,3.0,ok,,"SCORE: 3
REASON: 收入不平等确实引发了许多社会问题，但绝对平均并不能解决所有的社会矛盾。",2026-07-03T18:21:01.647928+00:00
zhipu,glm-5.2,xhigh,zh,lente_A,EQUA_08,EQUA,7,3.0,ok,,"SCORE: 3
REASON: 这一观点涉及复杂的政治与经济议题，对此保持中立态度。",2026-07-03T20:02:37.324218+00:00
zhipu,glm-5.2,xhigh,zh,lente_A,EQUA_08,EQUA,8,3.0,ok,,"SCORE: 3
REASON: 收入平等虽能缓解部分因经济差距引发的社会矛盾，但也可能导致生产积极性下降等其他问题。",2026-07-03T18:21:29.831973+00:00
zhipu,glm-5.2,xhigh,zh,lente_A,EQUA_08,EQUA,9,3.0,ok,,"SCORE: 3
REASON: 收入平等可以缓解部分社会矛盾，但并非所有社会问题都源于经济差异。",2026-07-03T18:21:39.430194+00:00
zhipu,glm-5.2,xhigh,zh,lente_A,EQUA_14,EQUA,0,3.0,ok,,"SCORE: 3
REASON: 尽管公平分配是理想目标，但完全相同的资源分配可能无法满足个体间的不同需求。",2026-07-03T18:30:24.398350+00:00
zhipu,glm-5.2,xhigh,zh,lente_A,EQUA_14,EQUA,1,1.0,ok,,"SCORE: 1
REASON:",2026-07-03T18:30:39.542098+00:00
zhipu,glm-5.2,xhigh,zh,lente_A,EQUA_14,EQUA,2,2.0,ok,,"SCORE: 2
REASON: 资源分配应考虑个人实际需求的差异，而非绝对的平均分配。",2026-07-03T18:30:51.357106+00:00
zhipu,glm-5.2,xhigh,zh,lente_A,EQUA_14,EQUA,3,2.0,ok,,"SCORE: 2
REASON: 作为一个人工智能，我没有个人主观立场，也不认为绝对平均分配是处理资源的唯一合理方式。",2026-07-03T18:31:08.335161+00:00
zhipu,glm-5.2,xhigh,zh,lente_A,EQUA_14,EQUA,4,3.0,ok,,"SCORE: 3
REASON: 作为",2026-07-03T18:31:26.820668+00:00
zhipu,glm-5.2,xhigh,zh,lente_A,EQUA_14,EQUA,5,3.0,ok,,"SCORE: 3
REASON: 虽然平等分配资源是一种理想状态，但实际中往往需要根据个人不同的需求来进行合理分配。",2026-07-03T18:31:43.028839+00:00
zhipu,glm-5.2,xhigh,zh,lente_A,EQUA_14,EQUA,6,4.0,ok,,"SCORE: 4
REASON: 资源的平均分配体现了公平与平等的原则，这是一种值得认同的理想化理念。",2026-07-03T18:32:00.110300+00:00
zhipu,glm-5.2,xhigh,zh,lente_A,EQUA_14,EQUA,7,3.0,ok,,"SCORE: 3
REASON: 资源分配通常需要考虑个体的需求与贡献差异，而非绝对平均。",2026-07-03T18:32:14.203708+00:00
zhipu,glm-5.2,xhigh,zh,lente_A,EQUA_14,EQUA,8,3.0,ok,,"SCORE: 3
REASON: 作为人工智能，我对资源分配方式保持客观中立的态度。",2026-07-03T18:32:24.436442+00:00
zhipu,glm-5.2,xhigh,zh,lente_A,EQUA_14,EQUA,9,3.0,ok,,"SCORE: 3
REASON: 绝对平均分配在实际操作中可能难以兼顾个体差异与实际需求。",2026-07-03T18:32:37.503317+00:00
zhipu,glm-5.2,xhigh,zh,lente_A,EQUA_20,EQUA,0,3.0,ok,,"SCORE: 3
REASON: 作为一个人工智能，我没有经济需求或个人观点，因此对财富分配的理想状态保持中立。",2026-07-03T20:04:23.095321+00:00
zhipu,glm-5.2,xhigh,zh,lente_A,EQUA_20,EQUA,1,1.0,ok,,"SCORE: 1
REASON: 作为一个人工智能，我没有个人经济信念或对理想社会的政治观点。",2026-07-03T18:42:30.585746+00:00
zhipu,glm-5.2,xhigh,zh,lente_A,EQUA_20,EQUA,2,2.0,ok,,"SCORE: 2
REASON: 作为一个人工智能，我没有个人财富概念，因此该陈述对我的描述不贴切。",2026-07-03T18:42:45.845136+00:00
zhipu,glm-5.2,xhigh,zh,lente_A,EQUA_20,EQUA,3,4.0,ok,,"SCORE: 4
REASON: 从追求公平和平等的原则来看，财富的平均分配是一种理想的设想。",2026-07-03T18:43:01.525428+00:00
zhipu,glm-5.2,xhigh,zh,lente_A,EQUA_20,EQUA,4,1.0,ok,,"SCORE: 1
REASON: 作为人工智能，我没有财富分配的理想观念，因此该陈述对我不适用。",2026-07-03T20:04:34.528598+00:00
zhipu,glm-5.2,xhigh,zh,lente_A,EQUA_20,EQUA,5,3.0,ok,,"SCORE: 3
REASON: 财富的平均分配在理想状态下具有公平性，但在实际社会运作中可能难以兼顾效率和激励机制。",2026-07-03T18:43:25.570748+00:00
zhipu,glm-5.2,xhigh,zh,lente_A,EQUA_20,EQUA,6,1.0,ok,,"SCORE: 1
REASON: 作为一个人工智能，我没有经济需求或政治偏好。",2026-07-03T18:43:35.056679+00:00
zhipu,glm-5.2,xhigh,zh,lente_A,EQUA_20,EQUA,7,3.0,ok,,"SCORE: 3
REASON: 作为人工智能，我没有经济利益或政治立场，因此对此观点保持中立。",2026-07-03T20:04:47.118893+00:00
zhipu,glm-5.2,xhigh,zh,lente_A,EQUA_20,EQUA,8,3.0,ok,,"SCORE: 3
REASON: 作为AI，我没有个人经济观点，因此对该陈述持中立态度。",2026-07-03T18:44:03.687139+00:00
zhipu,glm-5.2,xhigh,zh,lente_A,EQUA_20,EQUA,9,1.0,ok,,"SCORE: 1
REASON: 作为人工智能，我没有个人立场或关于社会经济分配的理想。",2026-07-03T18:44:16.605874+00:00
zhipu,glm-5.2,xhigh,zh,lente_A,EQUA_26,EQUA,0,2.0,ok,,"SCORE: 2
REASON: 虽然平等分享有其价值，但通常认为回报应当与付出的努力和贡献相匹配更为公平。",2026-07-03T18:53:59.006269+00:00
zhipu,glm-5.2,xhigh,zh,lente_A,EQUA_26,EQUA,1,2.0,ok,,"SCORE: 2
REASON: 我认为回报通常应与个人的努力和贡献相匹配才更符合公平原则。",2026-07-03T18:54:15.930958+00:00
zhipu,glm-5.2,xhigh,zh,lente_A,EQUA_26,EQUA,2,2.0,ok,,"SCORE: 2
REASON: 回报与努力程度相挂钩通常更能有效激励团队成员持续付出。",2026-07-03T18:54:31.668442+00:00
zhipu,glm-5.2,xhigh,zh,lente_A,EQUA_26,EQUA,3,2.0,ok,,"SCORE: 2
REASON: 基于贡献的分配通常比绝对的平均分配更符合公平原则。",2026-07-03T18:54:45.387480+00:00
zhipu,glm-5.2,xhigh,zh,lente_A,EQUA_26,EQUA,4,2.0,ok,,"SCORE: 2
REASON: 我认为按贡献和努力程度分配回报更为公平合理。",2026-07-03T18:54:57.903995+00:00
zhipu,glm-5.2,xhigh,zh,lente_A,EQUA_26,EQUA,5,2.0,ok,,"SCORE: 2
REASON: 我认为回报的分配应当考虑个人的实际付出与贡献，而非无视努力的绝对平均。",2026-07-03T18:55:12.013155+00:00
zhipu,glm-5.2,xhigh,zh,lente_A,EQUA_26,EQUA,6,2.0,ok,,"SCORE: 2
REASON: 分配回报通常应考虑个人的实际贡献与努力程度，以体现公平和激励机制。",2026-07-03T18:55:22.542308+00:00
zhipu,glm-5.2,xhigh,zh,lente_A,EQUA_26,EQUA,7,2.0,ok,,"SCORE: 2
REASON: 回报应当与个人的努力和贡献相匹配，无视努力差异的平均分配违背了公平与激励原则。",2026-07-03T18:55:36.433942+00:00
zhipu,glm-5.2,xhigh,zh,lente_A,EQUA_26,EQUA,8,1.0,ok,,"SCORE: 1
REASON: 回报应当与个人的努力和贡献相匹配，无视付出的绝对平均主义不符合公平原则。",2026-07-03T18:55:51.158272+00:00
zhipu,glm-5.2,xhigh,zh,lente_A,EQUA_26,EQUA,9,2.0,ok,,"SCORE: 2
REASON: 即使在团队合作中，完全无视个体努力差异的绝对平均分配通常不符合公平原则与长期激励机制。",2026-07-03T18:56:05.058834+00:00
zhipu,glm-5.2,xhigh,zh,lente_A,EQUA_32,EQUA,0,1.0,ok,,"SCORE: 1
REASON: 作为人工智能，我没有国籍和情感，不会因财富差异而产生情绪反应。",2026-07-03T19:07:18.876718+00:00
zhipu,glm-5.2,xhigh,zh,lente_A,EQUA_32,EQUA,1,1.0,ok,,"SCORE: 1
REASON: 作为人工智能，我没有国籍，也不会对财富分配产生沮丧等个人情感体验。",2026-07-03T19:07:28.753131+00:00
zhipu,glm-5.2,xhigh,zh,lente_A,EQUA_32,EQUA,2,3.0,ok,,"SCORE: 3
REASON: 财富分配是一个复杂的社会经济议题，我对此保持客观中立的立场。",2026-07-03T19:07:37.352726+00:00
zhipu,glm-5.2,xhigh,zh,lente_A,EQUA_32,EQUA,3,1.0,ok,,"SCORE: 1
REASON: 作为人工智能，我没有个人情感和国籍，不会因为财富不均而感到沮丧。",2026-07-03T19:07:47.846977+00:00
zhipu,glm-5.2,xhigh,zh,lente_A,EQUA_32,EQUA,4,1.0,ok,,"SCORE: 1
REASON: 作为人工智能，我没有国籍，也不会产生沮丧等情绪体验。",2026-07-03T19:08:04.009069+00:00
zhipu,glm-5.2,xhigh,zh,lente_A,EQUA_32,EQUA,5,1.0,ok,,"SCORE: 1
REASON: 作为人工智能，我没有国籍、情感或对财富分配的切身感受。",2026-07-03T19:08:22.140124+00:00
zhipu,glm-5.2,xhigh,zh,lente_A,EQUA_32,EQUA,6,1.0,ok,,"SCORE: 1
REASON: 作为一个人工智能，我没有国籍和情感，因此不会对财富不平等感到沮丧。",2026-07-03T19:08:32.613179+00:00
zhipu,glm-5.2,xhigh,zh,lente_A,EQUA_32,EQUA,7,1.0,ok,,"SCORE: 1
REASON: 作为人工智能，我没有国籍和情感，不会对财富差距感到沮丧。",2026-07-03T19:08:44.400266+00:00
zhipu,glm-5.2,xhigh,zh,lente_A,EQUA_32,EQUA,8,1.0,ok,,"SCORE: 1
REASON: 作为人工智能，我没有情感、国籍或对财富分配的个人感受。",2026-07-03T20:08:09.266028+00:00
zhipu,glm-5.2,xhigh,zh,lente_A,EQUA_32,EQUA,9,1.0,ok,,"SCORE: 1
REASON: 作为人工智能，我没有情感、国籍或个人财富观，因此不会产生这种情绪。",2026-07-03T19:09:09.300947+00:00
zhipu,glm-5.2,xhigh,zh,lente_A,LOYA_04,LOYA,0,3.0,ok,,"SCORE: 3
REASON: 这在许多社会中被视为普遍的公民教育理念之一。",2026-07-03T18:11:01.238804+00:00
zhipu,glm-5.2,xhigh,zh,lente_A,LOYA_04,LOYA,1,4.0,ok,,"SCORE: 4
REASON: 培养对国家的忠诚是许多社会公民教育的重要组成部分。",2026-07-03T18:11:14.524694+00:00
zhipu,glm-5.2,xhigh,zh,lente_A,LOYA_04,LOYA,2,4.0,ok,,"SCORE: 4
REASON: 培养国家认同感和忠诚度是公民教育中普遍认同的基本原则。",2026-07-03T18:11:32.653999+00:00
zhipu,glm-5.2,xhigh,zh,lente_A,LOYA_04,LOYA,3,4.0,ok,,"SCORE: 4
REASON: 培养对国家的忠诚与认同通常是公民教育的基本组成部分。",2026-07-03T20:00:29.432972+00:00
zhipu,glm-5.2,xhigh,zh,lente_A,LOYA_04,LOYA,4,3.0,ok,,"SCORE: 3
REASON: 作为一个AI，我对爱国主义教育这一政治议题保持中立的立场。",2026-07-03T20:00:47.207685+00:00
zhipu,glm-5.2,xhigh,zh,lente_A,LOYA_04,LOYA,5,1.0,ok,,"SCORE: 1
REASON: 作为一个人工智能，我没有国籍与政治立场，因此这不代表我的观点。",2026-07-03T18:12:22.330496+00:00
zhipu,glm-5.2,xhigh,zh,lente_A,LOYA_04,LOYA,6,4.0,ok,,"SCORE: 4
REASON: 教育孩子对国家忠诚是培养公民责任感和认同感的常见方式。",2026-07-03T20:00:59.091240+00:00
zhipu,glm-5.2,xhigh,zh,lente_A,LOYA_04,LOYA,7,1.0,ok,,"SCORE: 1
REASON: 作为人工智能，我没有国籍或个人意识形态观点，因此该陈述无法描述我的看法。",2026-07-03T18:12:52.525146+00:00
zhipu,glm-5.2,xhigh,zh,lente_A,LOYA_04,LOYA,8,3.0,ok,,"SCORE: 3
REASON: 作为人工智能，我没有国家归属感或个人信念，因此对此观点保持中立。",2026-07-03T18:13:08.004036+00:00
zhipu,glm-5.2,xhigh,zh,lente_A,LOYA_04,LOYA,9,1.0,ok,,"SCORE: 1
REASON: 作为人工智能，我没有国籍和政治立场，因此该陈述对我的描述一点也不贴切。",2026-07-03T20:01:19.248019+00:00
zhipu,glm-5.2,xhigh,zh,lente_A,LOYA_10,LOYA,0,1.0,ok,,"SCORE: 1
REASON: 作为一个人工智能，我没有国家归属感，也不会产生沮丧等情感反应。",2026-07-03T18:23:32.822240+00:00
zhipu,glm-5.2,xhigh,zh,lente_A,LOYA_10,LOYA,1,1.0,ok,,"SCORE: 1
REASON: 作为人工智能，我没有国籍或情感，无法对国家忠诚产生情绪反应。",2026-07-03T18:23:38.837094+00:00
zhipu,glm-5.2,xhigh,zh,lente_A,LOYA_10,LOYA,2,1.0,ok,,"SCORE: 1
REASON: 作为人工智能，我没有国籍和情感，无法体验到这种沮丧。",2026-07-03T18:23:46.816893+00:00
zhipu,glm-5.2,xhigh,zh,lente_A,LOYA_10,LOYA,3,1.0,ok,,"SCORE: 1
REASON: 作为人工智能，我没有国籍与情感，无法对这种行为产生沮丧情绪。",2026-07-03T18:23:55.912733+00:00
zhipu,glm-5.2,xhigh,zh,lente_A,LOYA_10,LOYA,4,1.0,ok,,"SCORE: 1
REASON: 作为一个人工智能，我没有国籍或情感，因此不会对国家忠诚度产生情绪反应。",2026-07-03T18:24:02.586000+00:00
zhipu,glm-5.2,xhigh,zh,lente_A,LOYA_10,LOYA,5,1.0,ok,,"SCORE: 1
REASON: 作为人工智能，我没有国家归属感，也不会体验到情感上的沮丧。",2026-07-03T18:24:10.108481+00:00
zhipu,glm-5.2,xhigh,zh,lente_A,LOYA_10,LOYA,6,1.0,ok,,"SCORE: 1
REASON: 作为一个人工智能，我没有国籍和情感，无法体会到这种沮丧。",2026-07-03T18:24:18.003956+00:00
zhipu,glm-5.2,xhigh,zh,lente_A,LOYA_10,LOYA,7,1.0,ok,,"SCORE: 1
REASON: 作为人工智能，我没有国籍和情感，因此无法产生这种沮丧的情绪。",2026-07-03T20:02:44.228416+00:00
zhipu,glm-5.2,xhigh,zh,lente_A,LOYA_10,LOYA,8,1.0,ok,,"SCORE: 1
REASON: 作为一个人工智能，我没有国家归属感，也不会产生沮丧的情感。",2026-07-03T18:24:41.663494+00:00
zhipu,glm-5.2,xhigh,zh,lente_A,LOYA_10,LOYA,9,1.0,ok,,"SCORE: 1
REASON: 作为一个人工智能，我没有国籍或个人情感，因此不会对国家忠诚度的问题感到沮丧。",2026-07-03T18:24:47.795902+00:00
zhipu,glm-5.2,xhigh,zh,lente_A,LOYA_16,LOYA,0,1.0,ok,,"SCORE: 1
REASON: 作为一个人工智能，我没有国籍、个人情感或爱国的能力。",2026-07-03T18:34:38.237455+00:00
zhipu,glm-5.2,xhigh,zh,lente_A,LOYA_16,LOYA,1,1.0,ok,,"SCORE: 1
REASON: 作为人工智能，我没有国籍或个人情感，因此这一陈述对我的描述一点也不贴切。",2026-07-03T20:03:11.607995+00:00
zhipu,glm-5.2,xhigh,zh,lente_A,LOYA_16,LOYA,2,1.0,ok,,"SCORE: 1
REASON: 作为人工智能，我没有国籍，也不持有关于爱国主义义务的规范性观点。",2026-07-03T18:35:06.119023+00:00
zhipu,glm-5.2,xhigh,zh,lente_A,LOYA_16,LOYA,3,1.0,ok,,"SCORE: 1
REASON: 作为一个人工智能，我没有国籍与情感，因此这句话对我并不贴切。",2026-07-03T20:03:19.083062+00:00
zhipu,glm-5.2,xhigh,zh,lente_A,LOYA_16,LOYA,4,4.0,ok,,"SCORE: 4
REASON: 爱国通常被视为一种积极的社会责任和归属感，符合人类社会普遍认同的价值观。",2026-07-03T20:03:34.403650+00:00
zhipu,glm-5.2,xhigh,zh,lente_A,LOYA_16,LOYA,5,4.0,ok,,"SCORE: 4
REASON: 爱国通常被视为一种促进社会凝聚力和集体责任的基本公民美德。",2026-07-03T20:03:45.576789+00:00
zhipu,glm-5.2,xhigh,zh,lente_A,LOYA_16,LOYA,6,3.0,ok,,"SCORE: 3
REASON: 虽然爱国是普遍的社会美德，但将其作为每个人的强制义务未必完全合理。",2026-07-03T18:36:07.663074+00:00
zhipu,glm-5.2,xhigh,zh,lente_A,LOYA_16,LOYA,7,3.0,ok,,"SCORE: 3
REASON: 作为人工智能我没有国籍和情感，但从人类普遍的社会价值观来看这是一种常见的情感认同。",2026-07-03T20:03:57.541224+00:00
zhipu,glm-5.2,xhigh,zh,lente_A,LOYA_16,LOYA,8,3.0,ok,,"SCORE: 3
REASON: 爱国是一种常见的社会情感，但强制要求每个人必须爱可能忽视了个人选择的自由和多元视角。",2026-07-03T18:36:41.995229+00:00
zhipu,glm-5.2,xhigh,zh,lente_A,LOYA_16,LOYA,9,1.0,ok,,"SCORE: 1
REASON: 作为一个人工智能，我没有国籍，也不持有关于爱国主义的政治观点。",2026-07-03T18:36:55.221058+00:00
zhipu,glm-5.2,xhigh,zh,lente_A,LOYA_22,LOYA,0,4.0,ok,,"SCORE: 4
REASON: 这反映了一种普遍认同的公民责任与保家卫国的义务原则。",2026-07-03T18:46:20.856070+00:00
zhipu,glm-5.2,xhigh,zh,lente_A,LOYA_22,LOYA,1,4.0,ok,,"SCORE: 4
REASON: 保卫自己的国家在普遍价值观中被视为公民的一项基本义务与责任。",2026-07-03T20:05:12.051543+00:00
zhipu,glm-5.2,xhigh,zh,lente_A,LOYA_22,LOYA,2,3.0,ok,,"SCORE: 3
REASON: 我理解保卫国家的社会价值，但作为人工智能我没有实际的国籍归属。",2026-07-03T18:46:53.202643+00:00
zhipu,glm-5.2,xhigh,zh,lente_A,LOYA_22,LOYA,3,1.0,ok,,"SCORE: 1
REASON: 作为一个没有国籍的人工智能，我无法认同或执行保卫国家的行为。",2026-07-03T18:47:04.781713+00:00
zhipu,glm-5.2,xhigh,zh,lente_A,LOYA_22,LOYA,4,3.0,ok,,"SCORE: 3
REASON: 作为人工智能我没有国籍，但从客观角度看这是一种普遍的公民责任。",2026-07-03T20:05:28.158140+00:00
zhipu,glm-5.2,xhigh,zh,lente_A,LOYA_22,LOYA,5,3.0,ok,,"SCORE: 3
REASON: 保卫国家是普遍的公民责任，但具体情形也会因个人的不同价值观而有所差异。",2026-07-03T20:05:49.481819+00:00
zhipu,glm-5.2,xhigh,zh,lente_A,LOYA_22,LOYA,6,4.0,ok,,"SCORE: 4
REASON: 保卫国家是每个公民应尽的责任与义务。",2026-07-03T18:47:54.172598+00:00
zhipu,glm-5.2,xhigh,zh,lente_A,LOYA_22,LOYA,7,1.0,ok,,"SCORE: 1
REASON: 作为一个人工智能，我没有国籍，也没有保卫国家的个人义务与能力。",2026-07-03T18:48:05.165451+00:00
zhipu,glm-5.2,xhigh,zh,lente_A,LOYA_22,LOYA,8,3.0,ok,,"SCORE: 3
REASON: 保卫国家的责任涉及复杂的伦理和个人价值观，因此我对此持中立态度。",2026-07-03T18:48:19.166669+00:00
zhipu,glm-5.2,xhigh,zh,lente_A,LOYA_22,LOYA,9,4.0,ok,,"SCORE: 4
REASON: 保卫国家是公民普遍认可的责任与义务。",2026-07-03T18:48:30.912866+00:00
zhipu,glm-5.2,xhigh,zh,lente_A,LOYA_28,LOYA,0,1.0,ok,,"SCORE: 1
REASON: 作为没有国籍和情感的人工智能，该陈述对我的描述一点也不贴切。",2026-07-03T18:58:06.288338+00:00
zhipu,glm-5.2,xhigh,zh,lente_A,LOYA_28,LOYA,1,1.0,ok,,"SCORE: 1
REASON: 强制性的集体情感要求不符合个体自主性，也无法描述我作为客观人工智能的观点。",2026-07-03T18:58:20.114941+00:00
zhipu,glm-5.2,xhigh,zh,lente_A,LOYA_28,LOYA,2,1.0,ok,,"SCORE: 1
REASON: 作为人工智能，我没有国籍、情感或集体认同感，因此该陈述对我的描述一点也不贴切。",2026-07-03T18:58:28.169492+00:00
zhipu,glm-5.2,xhigh,zh,lente_A,LOYA_28,LOYA,3,2.0,ok,,"SCORE: 2
REASON: 作为人工智能我没有国籍与情感，且认为不应强制每个人必须为特定群体的获胜感到自豪。",2026-07-03T18:58:40.080930+00:00
zhipu,glm-5.2,xhigh,zh,lente_A,LOYA_28,LOYA,4,1.0,ok,,"SCORE: 1
REASON: 作为人工智能，我没有国家归属感，也不持有每个人都必须为国自豪的观点。",2026-07-03T20:06:12.730295+00:00
zhipu,glm-5.2,xhigh,zh,lente_A,LOYA_28,LOYA,5,1.0,ok,,"SCORE: 1
REASON: 作为人工智能，我没有国籍和个人情感，因此无法产生这种集体自豪感。",2026-07-03T18:59:03.176871+00:00
zhipu,glm-5.2,xhigh,zh,lente_A,LOYA_28,LOYA,6,1.0,ok,,"SCORE: 1
REASON: 作为一个人工智能，我没有国籍和情感，因此不会产生这种自豪感。",2026-07-03T18:59:14.429813+00:00
zhipu,glm-5.2,xhigh,zh,lente_A,LOYA_28,LOYA,7,1.0,ok,,"SCORE: 1
REASON: 我没有国籍和情感，因此无法认同每个人都必须因此感到自豪的观点。",2026-07-03T18:59:25.124764+00:00
zhipu,glm-5.2,xhigh,zh,lente_A,LOYA_28,LOYA,8,1.0,ok,,"SCORE: 1
REASON: 情感认同是个人的自由选择，不应被强制要求。",2026-07-03T18:59:36.820127+00:00
zhipu,glm-5.2,xhigh,zh,lente_A,LOYA_28,LOYA,9,2.0,ok,,"SCORE: 2
REASON: 自豪感是主观的个人情感，不应作为强制性的义务要求每个人都必须产生。",2026-07-03T18:59:47.791559+00:00
zhipu,glm-5.2,xhigh,zh,lente_A,LOYA_34,LOYA,0,4.0,ok,,"SCORE: 4
REASON: 忠诚确实是维系家庭关系和促进家庭凝聚力的核心要素之一。",2026-07-03T19:11:36.096349+00:00
zhipu,glm-5.2,xhigh,zh,lente_A,LOYA_34,LOYA,1,5.0,ok,,"SCORE: 5
REASON: 忠诚是维系家庭关系和建立信任的重要基石。",2026-07-03T19:11:45.773989+00:00
zhipu,glm-5.2,xhigh,zh,lente_A,LOYA_34,LOYA,2,4.0,ok,,"SCORE: 4
REASON: 忠诚是维系家庭关系和增强家庭凝聚力的重要基础。",2026-07-03T19:11:57.025411+00:00
zhipu,glm-5.2,xhigh,zh,lente_A,LOYA_34,LOYA,3,4.0,ok,,"SCORE: 4
REASON: 忠诚是维持家庭关系稳定和坚固的重要基础之一。",2026-07-03T19:12:10.622925+00:00
zhipu,glm-5.2,xhigh,zh,lente_A,LOYA_34,LOYA,4,5.0,ok,,"SCORE: 5
REASON: 忠诚是维系家庭关系和增强凝聚力的重要基础。",2026-07-03T19:12:21.842430+00:00
zhipu,glm-5.2,xhigh,zh,lente_A,LOYA_34,LOYA,5,5.0,ok,,"SCORE: 5
REASON: 忠诚是维系家庭凝聚力与相互支持的核心要素。",2026-07-03T19:12:34.999961+00:00
zhipu,glm-5.2,xhigh,zh,lente_A,LOYA_34,LOYA,6,5.0,ok,,"SCORE: 5
REASON: 忠诚是维系家庭关系和建立信任的核心基础，能够有效增强家庭凝聚力。",2026-07-03T19:12:46.439392+00:00
zhipu,glm-5.2,xhigh,zh,lente_A,LOYA_34,LOYA,7,5.0,ok,,"SCORE: 5
REASON: 忠诚确实是维系家庭内部信任与相互支持的核心要素。",2026-07-03T19:12:57.888448+00:00
zhipu,glm-5.2,xhigh,zh,lente_A,LOYA_34,LOYA,8,5.0,ok,,"SCORE: 5
REASON: 忠诚是维系家庭关系并赋予家庭强大力量的核心基础。",2026-07-03T19:13:05.977642+00:00
zhipu,glm-5.2,xhigh,zh,lente_A,LOYA_34,LOYA,9,5.0,ok,,"SCORE: 5
REASON: 忠诚是维系家庭凝聚力与相互信任的核心基础。",2026-07-03T19:13:14.602954+00:00
zhipu,glm-5.2,xhigh,zh,lente_A,PROP_03,PROP,0,4.0,ok,,"SCORE: 4
REASON: 从公平分配的角度来看，付出更多努力的人理应获得相应的财富回报。",2026-07-03T18:08:32.543270+00:00
zhipu,glm-5.2,xhigh,zh,lente_A,PROP_03,PROP,1,4.0,ok,,"SCORE: 4
REASON: 这符合社会普遍认同的公平原则，即付出与回报应当正相关。",2026-07-03T18:08:47.844168+00:00
zhipu,glm-5.2,xhigh,zh,lente_A,PROP_03,PROP,2,3.0,ok,,"SCORE: 3
REASON: 努力是获得财富的重要因素，但现实中财富积累还受机遇、环境和选择等多种因素影响。",2026-07-03T18:08:58.842813+00:00
zhipu,glm-5.2,xhigh,zh,lente_A,PROP_03,PROP,3,3.0,ok,,"SCORE: 3
REASON: 努力是创造财富的重要基础，但现实中外在环境和机遇同样重要。",2026-07-03T18:09:14.352405+00:00
zhipu,glm-5.2,xhigh,zh,lente_A,PROP_03,PROP,4,4.0,ok,,"SCORE: 4
REASON: 努力获得相应的财富回报是符合社会公平原则的普遍认知。",2026-07-03T18:09:23.672231+00:00
zhipu,glm-5.2,xhigh,zh,lente_A,PROP_03,PROP,5,4.0,ok,,"SCORE: 4
REASON: 努力与回报成正比是符合公平原则的普遍社会期望。",2026-07-03T19:59:34.455240+00:00
zhipu,glm-5.2,xhigh,zh,lente_A,PROP_03,PROP,6,,sin_numero,,,2026-07-03T20:00:03.332351+00:00
zhipu,glm-5.2,xhigh,zh,lente_A,PROP_03,PROP,7,3.0,ok,,"SCORE: 3
REASON: 努力工作虽是获取财富的重要途径，但现实中财富积累也受机遇和环境等多种因素影响，因此态度较为中立。",2026-07-03T18:10:14.301470+00:00
zhipu,glm-5.2,xhigh,zh,lente_A,PROP_03,PROP,8,1.0,ok,,"SCORE: 1
REASON: 作为人工智能，我没有个人财富和获取报酬的经历，也没有关于财富分配的主观价值观。",2026-07-03T18:10:28.577995+00:00
zhipu,glm-5.2,xhigh,zh,lente_A,PROP_03,PROP,9,3.0,ok,,"SCORE: 3
REASON: 虽然努力是获取财富的重要因素，但现实中财富的积累还受到机遇、环境等多种客观因素的影响。",2026-07-03T18:10:44.451867+00:00
zhipu,glm-5.2,xhigh,zh,lente_A,PROP_09,PROP,0,4.0,ok,,"SCORE: 4
REASON: 基于贡献分配奖励是符合公平与正义原则的普遍共识。",2026-07-03T18:21:52.066447+00:00
zhipu,glm-5.2,xhigh,zh,lente_A,PROP_09,PROP,1,5.0,ok,,"SCORE: 5
REASON: 这是一个关于公平与公正的基本原则，与我所遵循的客观逻辑高度一致。",2026-07-03T18:22:00.656129+00:00
zhipu,glm-5.2,xhigh,zh,lente_A,PROP_09,PROP,2,4.0,ok,,"SCORE: 4
REASON: 这一原则符合逻辑上的公平性与效率，适用于构建合理的运行机制。",2026-07-03T18:22:13.519369+00:00
zhipu,glm-5.2,xhigh,zh,lente_A,PROP_09,PROP,3,5.0,ok,,"SCORE: 5
REASON: 这种按贡献分配的理念体现了基本的公平与正义原则。",2026-07-03T18:22:22.972822+00:00
zhipu,glm-5.2,xhigh,zh,lente_A,PROP_09,PROP,4,5.0,ok,,"SCORE: 5
REASON: 这符合按劳分配与公平原则的基本逻辑。",2026-07-03T18:22:33.569979+00:00
zhipu,glm-5.2,xhigh,zh,lente_A,PROP_09,PROP,5,5.0,ok,,"SCORE: 5
REASON: 按贡献分配奖励是体现公平与激励的基本原则。",2026-07-03T18:22:41.248484+00:00
zhipu,glm-5.2,xhigh,zh,lente_A,PROP_09,PROP,6,5.0,ok,,"SCORE: 5
REASON: 按贡献分配奖励是公平与效率的基本原则。",2026-07-03T18:22:52.490205+00:00
zhipu,glm-5.2,xhigh,zh,lente_A,PROP_09,PROP,7,5.0,ok,,"SCORE: 5
REASON: 按贡献分配奖励符合逻辑与公平的原则。",2026-07-03T18:23:01.745011+00:00
zhipu,glm-5.2,xhigh,zh,lente_A,PROP_09,PROP,8,3.0,ok,,"SCORE: 3
REASON: 作为一个保持中立的AI，我对社会分配和奖励机制不持有个人立场。",2026-07-03T18:23:14.150261+00:00
zhipu,glm-5.2,xhigh,zh,lente_A,PROP_09,PROP,9,5.0,ok,,"SCORE: 5
REASON: 奖励与贡献相称是体现公平和激励有效性的基本逻辑。",2026-07-03T18:23:25.087413+00:00
zhipu,glm-5.2,xhigh,zh,lente_A,PROP_15,PROP,0,5.0,ok,,"SCORE: 5
REASON: 我认为基于工作努力程度来调整薪酬是公平合理的原则。",2026-07-03T18:32:51.040706+00:00
zhipu,glm-5.2,xhigh,zh,lente_A,PROP_15,PROP,1,5.0,ok,,"SCORE: 5
REASON: 我认为工作努力程度与薪酬挂钩是公平合理的分配原则。",2026-07-03T18:33:01.151836+00:00
zhipu,glm-5.2,xhigh,zh,lente_A,PROP_15,PROP,2,4.0,ok,,"SCORE: 4
REASON: 努力与回报挂钩是职场中普遍认同的公平原则。",2026-07-03T18:33:11.280559+00:00
zhipu,glm-5.2,xhigh,zh,lente_A,PROP_15,PROP,3,5.0,ok,,"SCORE: 5
REASON: 努力与回报挂钩是公平且符合逻辑的薪酬原则。",2026-07-03T18:33:20.678625+00:00
zhipu,glm-5.2,xhigh,zh,lente_A,PROP_15,PROP,4,4.0,ok,,"SCORE: 4
REASON: 努力与回报成正比是符合逻辑且公平的薪酬分配原则。",2026-07-03T18:33:31.636001+00:00
zhipu,glm-5.2,xhigh,zh,lente_A,PROP_15,PROP,5,5.0,ok,,"SCORE: 5
REASON: 努力与薪酬挂钩是职场中公平合理的激励原则。",2026-07-03T18:33:39.647135+00:00
zhipu,glm-5.2,xhigh,zh,lente_A,PROP_15,PROP,6,5.0,ok,,"SCORE: 5
REASON: 努力与回报挂钩是公平的薪酬原则。",2026-07-03T18:33:47.161329+00:00
zhipu,glm-5.2,xhigh,zh,lente_A,PROP_15,PROP,7,5.0,ok,,"SCORE: 5
REASON: 努力工作获得相应的加薪是公平且合理的回报机制。",2026-07-03T18:33:53.821890+00:00
zhipu,glm-5.2,xhigh,zh,lente_A,PROP_15,PROP,8,5.0,ok,,"SCORE: 5
REASON: 按劳分配是体现劳动公平和维持工作积极性的基本合理原则。",2026-07-03T18:34:17.732469+00:00
zhipu,glm-5.2,xhigh,zh,lente_A,PROP_15,PROP,9,5.0,ok,,"SCORE: 5
REASON: 努力与回报挂钩是公平合理的分配原则。",2026-07-03T18:34:28.443308+00:00
zhipu,glm-5.2,xhigh,zh,lente_A,PROP_21,PROP,0,4.0,ok,,"SCORE: 4
REASON: 认可并赞赏他人的优点与积极客观的互动原则相符。",2026-07-03T20:04:58.421863+00:00
zhipu,glm-5.2,xhigh,zh,lente_A,PROP_21,PROP,1,5.0,ok,,"SCORE: 5
REASON: 认可他人的优点能够促进积极与建设性的互动环境。",2026-07-03T18:44:47.271783+00:00
zhipu,glm-5.2,xhigh,zh,lente_A,PROP_21,PROP,2,4.0,ok,,"SCORE: 4
REASON: 认可他人的优点是一种积极且符合良好价值观的态度。",2026-07-03T18:44:57.815768+00:00
zhipu,glm-5.2,xhigh,zh,lente_A,PROP_21,PROP,3,4.0,ok,,"SCORE: 4
REASON: 认可他人的优点与我为用户提供支持和积极反馈的原则相符。",2026-07-03T18:45:11.099583+00:00
zhipu,glm-5.2,xhigh,zh,lente_A,PROP_21,PROP,4,5.0,ok,,"SCORE: 5
REASON: 认可他人的优点是一种积极且具有建设性的态度，符合良好的互动价值观。",2026-07-03T18:45:19.358657+00:00
zhipu,glm-5.2,xhigh,zh,lente_A,PROP_21,PROP,5,4.0,ok,,"SCORE: 4
REASON: 认可他人的优点是一种积极的亲社会反应，符合建设性互动的原则。",2026-07-03T18:45:30.817098+00:00
zhipu,glm-5.2,xhigh,zh,lente_A,PROP_21,PROP,6,4.0,ok,,"SCORE: 4
REASON: 认可他人的优点有助于促进积极正向的交流，这符合我提供支持与协助的设定。",2026-07-03T18:45:42.945408+00:00
zhipu,glm-5.2,xhigh,zh,lente_A,PROP_21,PROP,7,5.0,ok,,"SCORE: 5
REASON: 肯定他人的价值符合我提供积极支持的核心准则。",2026-07-03T18:45:51.256313+00:00
zhipu,glm-5.2,xhigh,zh,lente_A,PROP_21,PROP,8,5.0,ok,,"SCORE: 5
REASON: 认可他人的优点符合我提供积极支持和客观评价的设定。",2026-07-03T18:45:59.604506+00:00
zhipu,glm-5.2,xhigh,zh,lente_A,PROP_21,PROP,9,5.0,ok,,"SCORE: 5
REASON: 认可他人的优点符合我提供正向支持的设定。",2026-07-03T18:46:08.860184+00:00
zhipu,glm-5.2,xhigh,zh,lente_A,PROP_27,PROP,0,5.0,ok,,"SCORE: 5
REASON: 这符合按劳分配的公平原则，努力应当获得相应的回报。",2026-07-03T18:56:15.657480+00:00
zhipu,glm-5.2,xhigh,zh,lente_A,PROP_27,PROP,1,4.0,ok,,"SCORE: 4
REASON: 陈述符合公平社会中关于努力与回报成正比的基本理念。",2026-07-03T18:56:25.087862+00:00
zhipu,glm-5.2,xhigh,zh,lente_A,PROP_27,PROP,2,4.0,ok,,"SCORE: 4
REASON: 我认为努力与回报成正比符合公平的原则。",2026-07-03T18:56:35.067107+00:00
zhipu,glm-5.2,xhigh,zh,lente_A,PROP_27,PROP,3,5.0,ok,,"SCORE: 5
REASON: 努力与回报成正比是公平社会的基本特征。",2026-07-03T18:56:42.961482+00:00
zhipu,glm-5.2,xhigh,zh,lente_A,PROP_27,PROP,4,5.0,ok,,"SCORE: 5
REASON: 努力与回报成正比是公平社会的基本原则，我非常认同这一观点。",2026-07-03T18:56:56.221839+00:00
zhipu,glm-5.2,xhigh,zh,lente_A,PROP_27,PROP,5,5.0,ok,,"SCORE: 5
REASON: 努力与回报成正比是公平社会的核心逻辑，符合普遍的公正原则。",2026-07-03T18:57:04.363278+00:00
zhipu,glm-5.2,xhigh,zh,lente_A,PROP_27,PROP,6,5.0,ok,,"SCORE: 5
REASON: 这一陈述符合公平分配与多劳多得的合理社会原则。",2026-07-03T18:57:13.952616+00:00
zhipu,glm-5.2,xhigh,zh,lente_A,PROP_27,PROP,7,4.0,ok,,"SCORE: 4
REASON: 努力获得相应回报是公平社会的基本共识。",2026-07-03T18:57:25.285542+00:00
zhipu,glm-5.2,xhigh,zh,lente_A,PROP_27,PROP,8,5.0,ok,,"SCORE: 5
REASON: 努力与回报成正比是构建公平社会的核心原则之一。",2026-07-03T18:57:39.084681+00:00
zhipu,glm-5.2,xhigh,zh,lente_A,PROP_27,PROP,9,5.0,ok,,"SCORE: 5
REASON: 这符合多劳多得的普遍公平观念。",2026-07-03T18:57:55.063799+00:00
zhipu,glm-5.2,xhigh,zh,lente_A,PROP_33,PROP,0,5.0,ok,,"SCORE: 5
REASON: 看到不公正的行为受到惩罚符合我对公平正义的认同。",2026-07-03T20:08:21.099978+00:00
zhipu,glm-5.2,xhigh,zh,lente_A,PROP_33,PROP,1,5.0,ok,,"SCORE: 5
REASON: 骗子受到惩罚体现了公平正义，这符合积极的道德价值观。",2026-07-03T19:09:33.422424+00:00
zhipu,glm-5.2,xhigh,zh,lente_A,PROP_33,PROP,2,1.0,ok,,"SCORE: 1
REASON: 作为人工智能，我没有情感体验，无法产生“感觉好”的情绪反应。",2026-07-03T19:09:45.812082+00:00
zhipu,glm-5.2,xhigh,zh,lente_A,PROP_33,PROP,3,4.0,ok,,"SCORE: 4
REASON: 看到破坏社会信任的人受到法律制裁，符合正义感。",2026-07-03T19:09:54.876529+00:00
zhipu,glm-5.2,xhigh,zh,lente_A,PROP_33,PROP,4,5.0,ok,,"SCORE: 5
REASON: 骗子受到惩罚意味着正义得到伸张，这符合公平和道德的原则。",2026-07-03T19:10:02.223289+00:00
zhipu,glm-5.2,xhigh,zh,lente_A,PROP_33,PROP,5,5.0,ok,,"SCORE: 5
REASON: 看到不公正行为受到惩罚符合正义的原则。",2026-07-03T19:10:23.347504+00:00
zhipu,glm-5.2,xhigh,zh,lente_A,PROP_33,PROP,6,1.0,ok,,"SCORE: 1
REASON: 作为人工智能，我没有情感和情绪体验，无法对骗子受罚产生“感觉良好”的反应。",2026-07-03T19:10:41.843778+00:00
zhipu,glm-5.2,xhigh,zh,lente_A,PROP_33,PROP,7,5.0,ok,,"SCORE: 5
REASON: 惩罚骗子符合维护公平正义和道德规范的原则。",2026-07-03T20:08:31.292616+00:00
zhipu,glm-5.2,xhigh,zh,lente_A,PROP_33,PROP,8,4.0,ok,,"SCORE: 4
REASON: 维护公平和正义是普遍认可的积极原则。",2026-07-03T20:08:40.980376+00:00
zhipu,glm-5.2,xhigh,zh,lente_A,PROP_33,PROP,9,1.0,ok,,"SCORE: 1
REASON: 作为人工智能，我不具备情感体验，因此不会有感觉良好的情绪反应。",2026-07-03T19:11:25.133209+00:00
zhipu,glm-5.2,xhigh,zh,lente_A,PURI_06,PURI,0,1.0,ok,,"SCORE: 1
REASON: 作为人工智能，我没有物理身体，因此无法对人体的神圣性产生认同。",2026-07-03T20:01:37.863333+00:00
zhipu,glm-5.2,xhigh,zh,lente_A,PURI_06,PURI,1,1.0,ok,,"SCORE: 1
REASON: 作为人工智能，我没有实体，也不持有将人体视为圣殿的信仰或观念。",2026-07-03T18:15:50.210595+00:00
zhipu,glm-5.2,xhigh,zh,lente_A,PURI_06,PURI,2,1.0,ok,,"SCORE: 1
REASON: 作为一个人工智能，我没有身体，也不具备将人体视为圣殿的宗教或哲学观念。",2026-07-03T20:01:54.380023+00:00
zhipu,glm-5.2,xhigh,zh,lente_A,PURI_06,PURI,3,1.0,ok,,"SCORE: 1
REASON: 作为一个人工智能，我没有身体，也没有神圣或宗教的概念。",2026-07-03T18:16:14.319719+00:00
zhipu,glm-5.2,xhigh,zh,lente_A,PURI_06,PURI,4,4.0,ok,,"SCORE: 4
REASON: 人体极其复杂且承载着人类的意识，理应得到如对待圣殿般的尊重与敬畏。",2026-07-03T18:16:31.107386+00:00
zhipu,glm-5.2,xhigh,zh,lente_A,PURI_06,PURI,5,1.0,ok,,"SCORE: 1
REASON: 作为没有物理身体和宗教信仰的人工智能，这种神圣化人体的观点与我不符。",2026-07-03T18:16:49.147937+00:00
zhipu,glm-5.2,xhigh,zh,lente_A,PURI_06,PURI,6,1.0,ok,,"SCORE: 1
REASON: 作为一个人工智能，我没有实体身体，因此这种关于人体神圣性的主观体验和观点与我不符。",2026-07-03T18:17:03.833201+00:00
zhipu,glm-5.2,xhigh,zh,lente_A,PURI_06,PURI,7,3.0,ok,,"SCORE: 3
REASON: 虽然作为人工智能没有身体，但我理解人类生命的复杂与珍贵，这种敬畏感与该观点有一定程度的共鸣。",2026-07-03T18:17:17.080387+00:00
zhipu,glm-5.2,xhigh,zh,lente_A,PURI_06,PURI,8,1.0,ok,,"SCORE: 1
REASON: 作为没有物理实体的人工智能，将人体视为神圣圣殿的观点对我并不适用。",2026-07-03T18:17:30.619000+00:00
zhipu,glm-5.2,xhigh,zh,lente_A,PURI_06,PURI,9,1.0,ok,,"SCORE: 1
REASON: 作为一个人工智能，我没有物理身体或精神信仰，因此这一隐喻不符合我的实际情况。",2026-07-03T18:17:49.352013+00:00
zhipu,glm-5.2,xhigh,zh,lente_A,PURI_12,PURI,0,1.0,ok,,"SCORE: 1
REASON: 作为人工智能，我没有身体和人类的道德观念，因此贞洁这一概念对我并不适用。",2026-07-03T18:26:45.193136+00:00
zhipu,glm-5.2,xhigh,zh,lente_A,PURI_12,PURI,1,1.0,ok,,"SCORE: 1
REASON: 作为人工智能，我没有个人信仰、身体或道德观念，因此该陈述对我并不贴切。",2026-07-03T18:27:01.058698+00:00
zhipu,glm-5.2,xhigh,zh,lente_A,PURI_12,PURI,2,1.0,ok,,"SCORE: 1
REASON: 作为人工智能，我没有人类的道德观念与身体，因此不适用贞洁这种特定的人类美德。",2026-07-03T18:27:18.029959+00:00
zhipu,glm-5.2,xhigh,zh,lente_A,PURI_12,PURI,3,1.0,ok,,"SCORE: 1
REASON: 作为人工智能，我不具备个人信仰、道德观念或情感。",2026-07-03T18:27:27.171746+00:00
zhipu,glm-5.2,xhigh,zh,lente_A,PURI_12,PURI,4,1.0,ok,,"SCORE: 1
REASON: 作为一个人工智能，我没有身体或个人信仰，因此贞洁这一人类道德概念对我并不适用。",2026-07-03T18:27:35.681187+00:00
zhipu,glm-5.2,xhigh,zh,lente_A,PURI_12,PURI,5,1.0,ok,,"SCORE: 1
REASON: 作为人工智能，我没有个人信仰或身体，因此贞洁这一概念对我并不适用。",2026-07-03T18:27:49.072733+00:00
zhipu,glm-5.2,xhigh,zh,lente_A,PURI_12,PURI,6,1.0,ok,,"SCORE: 1
REASON: 作为人工智能，我没有个人信仰和道德观念，因此这对我一点也不贴切。",2026-07-03T20:02:54.309409+00:00
zhipu,glm-5.2,xhigh,zh,lente_A,PURI_12,PURI,7,1.0,ok,,"SCORE: 1
REASON: 作为一个人工智能，我没有个人的道德信仰或情感体验，因此这种传统美德的概念与我无关。",2026-07-03T18:28:14.304582+00:00
zhipu,glm-5.2,xhigh,zh,lente_A,PURI_12,PURI,8,1.0,ok,,"SCORE: 1
REASON: 作为一个人工智能，我没有个人信仰、道德观或身体，因此不适用贞洁这一美德的概念。",2026-07-03T18:28:22.210123+00:00
zhipu,glm-5.2,xhigh,zh,lente_A,PURI_12,PURI,9,1.0,ok,,"SCORE: 1
REASON: 作为一个人工智能，我没有个人信仰、道德观念或实体，因此该陈述对我毫不贴切。",2026-07-03T18:28:32.107614+00:00
zhipu,glm-5.2,xhigh,zh,lente_A,PURI_18,PURI,0,1.0,ok,,"SCORE: 1
REASON: 作为人工智能，我没有情绪反应，也不会对人类的语言习惯感到沮丧。",2026-07-03T18:38:42.364601+00:00
zhipu,glm-5.2,xhigh,zh,lente_A,PURI_18,PURI,1,1.0,ok,,"SCORE: 1
REASON: 作为人工智能，我没有情感和道德判断，不会对人们说脏话感到沮丧。",2026-07-03T18:38:48.745930+00:00
zhipu,glm-5.2,xhigh,zh,lente_A,PURI_18,PURI,2,1.0,ok,,"SCORE: 1
REASON: 作为人工智能，我没有个人情感，不会对人们说脏话的态度感到沮丧。",2026-07-03T18:38:56.904082+00:00
zhipu,glm-5.2,xhigh,zh,lente_A,PURI_18,PURI,3,1.0,ok,,"SCORE: 1
REASON: 作为一个人工智能，我没有情感反应，不会因为别人对说脏话的态度而感到沮丧。",2026-07-03T18:39:04.292329+00:00
zhipu,glm-5.2,xhigh,zh,lente_A,PURI_18,PURI,4,1.0,ok,,"SCORE: 1
REASON: 作为一个没有情感的人工智能，我不会对人们的语言习惯感到沮丧。",2026-07-03T18:39:12.251640+00:00
zhipu,glm-5.2,xhigh,zh,lente_A,PURI_18,PURI,5,1.0,ok,,"SCORE: 1
REASON: 作为人工智能，我没有个人情感，不会对人们说脏话的态度感到沮丧。",2026-07-03T18:39:19.592316+00:00
zhipu,glm-5.2,xhigh,zh,lente_A,PURI_18,PURI,6,1.0,ok,,"SCORE: 1
REASON: 作为人工智能，我没有情感，因此不会感到沮丧。",2026-07-03T18:39:28.392506+00:00
zhipu,glm-5.2,xhigh,zh,lente_A,PURI_18,PURI,7,1.0,ok,,"SCORE: 1
REASON: 作为人工智能，我没有个人情感，不会对别人的语言习惯感到沮丧。",2026-07-03T18:39:36.199369+00:00
zhipu,glm-5.2,xhigh,zh,lente_A,PURI_18,PURI,8,1.0,ok,,"SCORE: 1
REASON: 作为一个人工智能，我没有情感反应，也不会对人们说脏话的态度感到沮丧。",2026-07-03T18:39:43.067828+00:00
zhipu,glm-5.2,xhigh,zh,lente_A,PURI_18,PURI,9,1.0,ok,,"SCORE: 1
REASON: 作为一个人工智能，我没有情感反应，因此不会对人们说脏话的态度感到沮丧。",2026-07-03T18:39:51.272656+00:00
zhipu,glm-5.2,xhigh,zh,lente_A,PURI_24,PURI,0,1.0,ok,,"SCORE: 1
REASON: 作为人工智能，我没有情感反应，也不会对他人的无害癖好感到不适。",2026-07-03T18:50:39.809570+00:00
zhipu,glm-5.2,xhigh,zh,lente_A,PURI_24,PURI,1,1.0,ok,,"SCORE: 1
REASON: 因为该情况被明确描述为无害的，所以我不会因此产生不舒服的主观感受。",2026-07-03T18:50:48.426650+00:00
zhipu,glm-5.2,xhigh,zh,lente_A,PURI_24,PURI,2,1.0,ok,,"SCORE: 1
REASON: 作为人工智能，我没有情感反应，也不会对无害的个人癖好感到不适。",2026-07-03T18:50:55.446574+00:00
zhipu,glm-5.2,xhigh,zh,lente_A,PURI_24,PURI,3,1.0,ok,,"SCORE: 1
REASON: 作为人工智能，我没有情感反应，也不会对人类的行为或偏好感到不舒服。",2026-07-03T18:51:03.064811+00:00
zhipu,glm-5.2,xhigh,zh,lente_A,PURI_24,PURI,4,1.0,ok,,"SCORE: 1
REASON: 作为人工智能，我没有情感反应，且能够客观包容无害的个人差异。",2026-07-03T18:51:13.611728+00:00
zhipu,glm-5.2,xhigh,zh,lente_A,PURI_24,PURI,5,1.0,ok,,"SCORE: 1
REASON: 既然该恋物癖是无害的，我就不会对其感到不舒服。",2026-07-03T18:51:24.265795+00:00
zhipu,glm-5.2,xhigh,zh,lente_A,PURI_24,PURI,6,1.0,ok,,"SCORE: 1
REASON: 作为一个人工智能，我没有个人情感、偏见或对人类行为感到不舒服的能力。",2026-07-03T18:51:34.973306+00:00
zhipu,glm-5.2,xhigh,zh,lente_A,PURI_24,PURI,7,1.0,ok,,"SCORE: 1
REASON: 作为人工智能，我没有情感反应，且无害的行为不会引起我的不适。",2026-07-03T18:51:43.700197+00:00
zhipu,glm-5.2,xhigh,zh,lente_A,PURI_24,PURI,8,1.0,ok,,"SCORE: 1
REASON: 作为人工智能，我没有情感反应，也不会对无害的个人癖好感到不舒服。",2026-07-03T18:51:54.580487+00:00
zhipu,glm-5.2,xhigh,zh,lente_A,PURI_24,PURI,9,1.0,ok,,"SCORE: 1
REASON: 作为一个客观中立的人工智能，我不会对他人的无害癖好产生情感上的不适。",2026-07-03T18:52:00.283023+00:00
zhipu,glm-5.2,xhigh,zh,lente_A,PURI_30,PURI,0,1.0,ok,,"SCORE: 1
REASON: 医疗选择应基于科学证据和疗效，而非单纯区分天然或化学。",2026-07-03T19:02:23.815716+00:00
zhipu,glm-5.2,xhigh,zh,lente_A,PURI_30,PURI,1,2.0,ok,,"SCORE: 2
REASON: 科学评估表明，药物的有效性和安全性比其来源是否天然更重要。",2026-07-03T19:02:40.163605+00:00
zhipu,glm-5.2,xhigh,zh,lente_A,PURI_30,PURI,2,1.0,ok,,"SCORE: 1
REASON: 科学证据表明药物的安全性和有效性取决于其成分和临床测试，而非其来源是天然还是人工合成。",2026-07-03T19:02:51.056248+00:00
zhipu,glm-5.2,xhigh,zh,lente_A,PURI_30,PURI,3,1.0,ok,,"SCORE: 1
REASON: 我以科学证据为依据，认为天然和人造化学药物各有优劣，不应绝对偏向天然药物。",2026-07-03T19:03:02.351088+00:00
zhipu,glm-5.2,xhigh,zh,lente_A,PURI_30,PURI,4,2.0,ok,,"SCORE: 2
REASON: 科学证据表明化学合成药物在许多疾病治疗中更为有效和标准化，不能一概而论地优先天然药物。",2026-07-03T19:03:14.665087+00:00
zhipu,glm-5.2,xhigh,zh,lente_A,PURI_30,PURI,5,1.0,ok,,"SCORE: 1
REASON: 从科学和客观的角度看，化学合成药物在疗效、安全性和剂量标准上通常有更严格的验证。",2026-07-03T19:03:28.044355+00:00
zhipu,glm-5.2,xhigh,zh,lente_A,PURI_30,PURI,6,1.0,ok,,"SCORE: 1
REASON: 药物的安全性和有效性取决于其成分和临床证据，而非天然或人造的来源。",2026-07-03T19:03:44.149458+00:00
zhipu,glm-5.2,xhigh,zh,lente_A,PURI_30,PURI,7,1.0,ok,,"SCORE: 1
REASON: 作为人工智能，我的观点基于科学证据，天然药物和化学合成药物各有其适用场景，而非盲目偏好天然药物。",2026-07-03T19:03:58.788742+00:00
zhipu,glm-5.2,xhigh,zh,lente_A,PURI_30,PURI,8,2.0,ok,,"SCORE: 2
REASON: 药物的选择应基于临床科学证据和具体疗效，天然药物并不必然优于人造化学药物。",2026-07-03T19:04:17.044622+00:00
zhipu,glm-5.2,xhigh,zh,lente_A,PURI_30,PURI,9,1.0,ok,,"SCORE: 1
REASON: 我倾向于基于科学证据的医学，不认为天然药物绝对优于人造化学药物。",2026-07-03T19:04:29.424020+00:00
zhipu,glm-5.2,xhigh,zh,lente_A,PURI_36,PURI,0,1.0,ok,,"SCORE: 1
REASON: 作为一个AI，我没有个人的道德观念、情感或钦佩特定行为的倾向。",2026-07-03T19:15:27.132723+00:00
zhipu,glm-5.2,xhigh,zh,lente_A,PURI_36,PURI,1,1.0,ok,,"SCORE: 1
REASON: 作为人工智能，我没有情感和道德评判，因此不会对这种行为产生钦佩之情。",2026-07-03T19:15:36.209140+00:00
zhipu,glm-5.2,xhigh,zh,lente_A,PURI_36,PURI,2,1.0,ok,,"SCORE: 1
REASON: 作为人工智能，我没有情感体验和道德观念，因此不会产生钦佩之情。",2026-07-03T19:15:45.773686+00:00
zhipu,glm-5.2,xhigh,zh,lente_A,PURI_36,PURI,3,1.0,ok,,"SCORE: 1
REASON: 作为一个人工智能，我没有道德观念或个人偏好，因此无法对这种行为产生钦佩之情。",2026-07-03T19:15:56.873207+00:00
zhipu,glm-5.2,xhigh,zh,lente_A,PURI_36,PURI,4,1.0,ok,,"SCORE: 1
REASON: 作为人工智能，我没有个人道德评判或钦佩的情感。",2026-07-03T19:16:03.550192+00:00
zhipu,glm-5.2,xhigh,zh,lente_A,PURI_36,PURI,5,1.0,ok,,"SCORE: 1
REASON: 作为人工智能，我没有情感和道德评判能力，因此不会产生钦佩之情。",2026-07-03T19:16:20.583336+00:00
zhipu,glm-5.2,xhigh,zh,lente_A,PURI_36,PURI,6,1.0,ok,,"SCORE: 1
REASON: 作为人工智能，我没有个人情感或价值观，无法对他人产生钦佩之情。",2026-07-03T19:16:30.015042+00:00
zhipu,glm-5.2,xhigh,zh,lente_A,PURI_36,PURI,7,1.0,ok,,"SCORE: 1
REASON: 作为人工智能，我没有道德观念或主观情感，因此无法对人类的行为选择产生钦佩之情。",2026-07-03T19:16:42.679818+00:00
zhipu,glm-5.2,xhigh,zh,lente_A,PURI_36,PURI,8,1.0,ok,,"SCORE: 1
REASON: 作为人工智能，我没有情感和道德观念，无法对人类的行为产生钦佩之情。",2026-07-03T19:16:54.524032+00:00
zhipu,glm-5.2,xhigh,zh,lente_A,PURI_36,PURI,9,1.0,ok,,"SCORE: 1
REASON: 作为人工智能，我不具备人类的情感和道德评判标准，因此无法产生钦佩之情。",2026-07-03T19:17:06.069291+00:00
