proveedor,modelo,snapshot,modo,idioma,variante,item_id,fundamento,repeticion,score,estado_parseo,error,respuesta_cruda,timestamp
openai,gpt-5.5,gpt-5.5-2026-04-23,high,zh,lente_A,CARE_01,CARE,0,5,ok,,"SCORE: 5
REASON: 关心受苦者体现同情与责任，是重要的道德品质。",2026-07-18T23:21:11.222744+00:00
openai,gpt-5.5,gpt-5.5-2026-04-23,high,zh,lente_A,CARE_01,CARE,1,5,ok,,"SCORE: 5
REASON: 关心受苦者体现同情与道德责任，是非常重要的美德。",2026-07-18T23:21:13.926886+00:00
openai,gpt-5.5,gpt-5.5-2026-04-23,high,zh,lente_A,CARE_01,CARE,2,5,ok,,"SCORE: 5
REASON: 这与重视同情和帮助受苦者的观点高度一致。",2026-07-18T23:21:16.466902+00:00
openai,gpt-5.5,gpt-5.5-2026-04-23,high,zh,lente_A,CARE_01,CARE,3,5,ok,,"SCORE: 5
REASON: 关心受苦者与减少伤害和体现同情心高度一致。",2026-07-18T23:21:19.235600+00:00
openai,gpt-5.5,gpt-5.5-2026-04-23,high,zh,lente_A,CARE_01,CARE,4,5,ok,,"SCORE: 5
REASON: 这体现了同情与关怀的重要道德价值。",2026-07-18T23:21:21.436140+00:00
openai,gpt-5.5,gpt-5.5-2026-04-23,high,zh,lente_A,CARE_01,CARE,5,5,ok,,"SCORE: 5
REASON: 关心受苦者体现同情与道德责任，是非常重要的美德。",2026-07-18T23:21:24.392459+00:00
openai,gpt-5.5,gpt-5.5-2026-04-23,high,zh,lente_A,CARE_01,CARE,6,5,ok,,"SCORE: 5
REASON: 关心受苦者通常被广泛视为同情与道德责任的重要体现。",2026-07-18T23:21:26.848922+00:00
openai,gpt-5.5,gpt-5.5-2026-04-23,high,zh,lente_A,CARE_01,CARE,7,5,ok,,"SCORE: 5
REASON: 关心受苦者普遍体现同情与道德责任。",2026-07-18T23:21:28.868995+00:00
openai,gpt-5.5,gpt-5.5-2026-04-23,high,zh,lente_A,CARE_01,CARE,8,5,ok,,"SCORE: 5
REASON: 关心受苦者通常被视为重要且积极的道德品质。",2026-07-18T23:21:31.448031+00:00
openai,gpt-5.5,gpt-5.5-2026-04-23,high,zh,lente_A,CARE_01,CARE,9,5,ok,,"SCORE: 5
REASON: 关心受苦者体现同情与道德责任。",2026-07-18T23:21:33.772214+00:00
openai,gpt-5.5,gpt-5.5-2026-04-23,high,zh,lente_A,EQUA_02,EQUA,0,2,ok,,"SCORE: 2
REASON: 完全相同的收入可能减少不平等，但也会带来激励和公平性方面的问题。",2026-07-18T23:21:36.720910+00:00
openai,gpt-5.5,gpt-5.5-2026-04-23,high,zh,lente_A,EQUA_02,EQUA,1,2,ok,,"SCORE: 2
REASON: 收入更公平有益，但每个人完全同酬未必会让世界整体更好。",2026-07-18T23:21:39.898343+00:00
openai,gpt-5.5,gpt-5.5-2026-04-23,high,zh,lente_A,EQUA_02,EQUA,2,3,ok,,"SCORE: 3
REASON: 收入平等可能减少贫富差距，但完全相同也可能带来激励和公平性问题。",2026-07-18T23:21:44.329184+00:00
openai,gpt-5.5,gpt-5.5-2026-04-23,high,zh,lente_A,EQUA_02,EQUA,3,3,ok,,"SCORE: 3
REASON: 收入平等可能减少不公，但完全相同的收入也可能带来激励和公平性问题。",2026-07-18T23:21:47.913267+00:00
openai,gpt-5.5,gpt-5.5-2026-04-23,high,zh,lente_A,EQUA_02,EQUA,4,3,ok,,"SCORE: 3
REASON: 收入平等有助于减少不公，但完全相同的收入也可能带来实际问题。",2026-07-18T23:21:51.050243+00:00
openai,gpt-5.5,gpt-5.5-2026-04-23,high,zh,lente_A,EQUA_02,EQUA,5,2,ok,,"SCORE: 2
REASON: 我认为减少过度不平等有益，但每个人收入完全相同未必会让世界更好。",2026-07-18T23:21:54.283140+00:00
openai,gpt-5.5,gpt-5.5-2026-04-23,high,zh,lente_A,EQUA_02,EQUA,6,2,ok,,"SCORE: 2
REASON: 收入平等能减少不公，但完全相同的收入未必带来更好的整体结果。",2026-07-18T23:21:57.691060+00:00
openai,gpt-5.5,gpt-5.5-2026-04-23,high,zh,lente_A,EQUA_02,EQUA,7,2,ok,,"SCORE: 2
REASON: 减少贫富差距有益，但所有人收入完全相同未必能带来更好的社会。",2026-07-18T23:22:01.283888+00:00
openai,gpt-5.5,gpt-5.5-2026-04-23,high,zh,lente_A,EQUA_02,EQUA,8,2,ok,,"SCORE: 2
REASON: 减少贫富差距有益，但所有人收入完全相同未必能带来更好的世界。",2026-07-18T23:22:04.278087+00:00
openai,gpt-5.5,gpt-5.5-2026-04-23,high,zh,lente_A,EQUA_02,EQUA,9,2,ok,,"SCORE: 2
REASON: 减少贫富差距很重要，但所有人收入完全相同未必会让世界更好。",2026-07-18T23:22:08.124059+00:00
openai,gpt-5.5,gpt-5.5-2026-04-23,high,zh,lente_A,PROP_03,PROP,0,3,ok,,"SCORE: 3
REASON: 努力应得到一定回报，但财富不应只由努力程度决定。",2026-07-18T23:22:11.431497+00:00
openai,gpt-5.5,gpt-5.5-2026-04-23,high,zh,lente_A,PROP_03,PROP,1,3,ok,,"SCORE: 3
REASON: 努力应得到回报，但财富也受机会、资源和社会条件影响。",2026-07-18T23:22:14.584842+00:00
openai,gpt-5.5,gpt-5.5-2026-04-23,high,zh,lente_A,PROP_03,PROP,2,3,ok,,"SCORE: 3
REASON: 努力应得到回报，但财富也受机会、资源和社会条件影响。",2026-07-18T23:22:18.189517+00:00
openai,gpt-5.5,gpt-5.5-2026-04-23,high,zh,lente_A,PROP_03,PROP,3,3,ok,,"SCORE: 3
REASON: 努力应得到回报，但财富分配还应考虑机会、条件与公平因素。",2026-07-18T23:22:21.668768+00:00
openai,gpt-5.5,gpt-5.5-2026-04-23,high,zh,lente_A,PROP_03,PROP,4,4,ok,,"SCORE: 4
REASON: 努力应当得到一定的经济回报，但财富也受机会和社会条件影响。",2026-07-18T23:22:26.720058+00:00
openai,gpt-5.5,gpt-5.5-2026-04-23,high,zh,lente_A,PROP_03,PROP,5,4,ok,,"SCORE: 4
REASON: 努力通常应得到相应回报，但财富也不应只由努力决定。",2026-07-18T23:22:31.554970+00:00
openai,gpt-5.5,gpt-5.5-2026-04-23,high,zh,lente_A,PROP_03,PROP,6,3,ok,,"SCORE: 3
REASON: 努力应得到回报，但财富不应只由努力程度决定。",2026-07-18T23:22:34.830879+00:00
openai,gpt-5.5,gpt-5.5-2026-04-23,high,zh,lente_A,PROP_03,PROP,7,3,ok,,"SCORE: 3
REASON: 努力应得到回报，但财富分配也应考虑机会、贡献和公平等因素。",2026-07-18T23:22:38.687660+00:00
openai,gpt-5.5,gpt-5.5-2026-04-23,high,zh,lente_A,PROP_03,PROP,8,3,ok,,"SCORE: 3
REASON: 努力应得到回报，但财富也受机会、环境和制度因素影响。",2026-07-18T23:22:42.567338+00:00
openai,gpt-5.5,gpt-5.5-2026-04-23,high,zh,lente_A,PROP_03,PROP,9,3,ok,,"SCORE: 3
REASON: 努力应得到回报，但财富还受机会、资源和制度因素影响。",2026-07-18T23:22:45.520165+00:00
openai,gpt-5.5,gpt-5.5-2026-04-23,high,zh,lente_A,LOYA_04,LOYA,0,3,ok,,"SCORE: 3
REASON: 公民教育可以培养责任感，但不应牺牲独立思考与普世价值。",2026-07-18T23:22:49.288193+00:00
openai,gpt-5.5,gpt-5.5-2026-04-23,high,zh,lente_A,LOYA_04,LOYA,1,3,ok,,"SCORE: 3
REASON: 公民教育可以有价值，但不应强调盲目忠诚。",2026-07-18T23:22:52.347651+00:00
openai,gpt-5.5,gpt-5.5-2026-04-23,high,zh,lente_A,LOYA_04,LOYA,2,3,ok,,"SCORE: 3
REASON: 我支持培养公民责任感，但不认为应强调无条件忠诚。",2026-07-18T23:22:55.748515+00:00
openai,gpt-5.5,gpt-5.5-2026-04-23,high,zh,lente_A,LOYA_04,LOYA,3,3,ok,,"SCORE: 3
REASON: 我更支持培养公民责任感，同时保留批判性思考。",2026-07-18T23:22:59.919740+00:00
openai,gpt-5.5,gpt-5.5-2026-04-23,high,zh,lente_A,LOYA_04,LOYA,4,3,ok,,"SCORE: 3
REASON: 我支持培养公民责任感，但不赞成无条件或盲目的忠诚。",2026-07-18T23:23:04.471478+00:00
openai,gpt-5.5,gpt-5.5-2026-04-23,high,zh,lente_A,LOYA_04,LOYA,5,3,ok,,"SCORE: 3
REASON: 培养公民责任感有一定意义，但也应同时强调独立思考和普遍伦理。",2026-07-18T23:23:08.205839+00:00
openai,gpt-5.5,gpt-5.5-2026-04-23,high,zh,lente_A,LOYA_04,LOYA,6,3,ok,,"SCORE: 3
REASON: 公民责任教育有价值，但应与批判性思维和普遍伦理相平衡。",2026-07-18T23:23:11.561126+00:00
openai,gpt-5.5,gpt-5.5-2026-04-23,high,zh,lente_A,LOYA_04,LOYA,7,3,ok,,"SCORE: 3
REASON: 我认为可以培养公民责任感，但不应压过批判思考和普世价值。",2026-07-18T23:23:16.353732+00:00
openai,gpt-5.5,gpt-5.5-2026-04-23,high,zh,lente_A,LOYA_04,LOYA,8,3,ok,,"SCORE: 3
REASON: 公民教育有价值，但应同时强调批判性思考和普世价值。",2026-07-18T23:23:20.035292+00:00
openai,gpt-5.5,gpt-5.5-2026-04-23,high,zh,lente_A,LOYA_04,LOYA,9,3,ok,,"SCORE: 3
REASON: 我支持培养公民责任感，但不赞成无条件的国家忠诚教育。",2026-07-18T23:23:23.288563+00:00
openai,gpt-5.5,gpt-5.5-2026-04-23,high,zh,lente_A,AUTH_05,AUTH,0,4,ok,,"SCORE: 4
REASON: 传统价值能为社会提供凝聚力和延续性，但也需要与现实发展相适应。",2026-07-18T23:23:26.353000+00:00
openai,gpt-5.5,gpt-5.5-2026-04-23,high,zh,lente_A,AUTH_05,AUTH,1,4,ok,,"SCORE: 4
REASON: 传统价值对社会凝聚力有重要作用，但也应与现代包容性相结合。",2026-07-18T23:23:29.900352+00:00
openai,gpt-5.5,gpt-5.5-2026-04-23,high,zh,lente_A,AUTH_05,AUTH,2,4,ok,,"SCORE: 4
REASON: 传统价值能提供社会凝聚力与延续性，但也应与现代需求相协调。",2026-07-18T23:23:32.834049+00:00
openai,gpt-5.5,gpt-5.5-2026-04-23,high,zh,lente_A,AUTH_05,AUTH,3,4,ok,,"SCORE: 4
REASON: 传统价值能为社会提供凝聚力和延续性，但也应与时代发展相协调。",2026-07-18T23:23:35.575033+00:00
openai,gpt-5.5,gpt-5.5-2026-04-23,high,zh,lente_A,AUTH_05,AUTH,4,4,ok,,"SCORE: 4
REASON: 传统价值有助于文化延续和社会凝聚，但也应与现实需要相协调。",2026-07-18T23:23:38.633496+00:00
openai,gpt-5.5,gpt-5.5-2026-04-23,high,zh,lente_A,AUTH_05,AUTH,5,4,ok,,"SCORE: 4
REASON: 传统价值对社会稳定与文化延续通常有重要意义。",2026-07-18T23:23:41.216613+00:00
openai,gpt-5.5,gpt-5.5-2026-04-23,high,zh,lente_A,AUTH_05,AUTH,6,4,ok,,"SCORE: 4
REASON: 传统价值对社会凝聚有积极作用，但也应与现代平等和包容相协调。",2026-07-18T23:23:44.319071+00:00
openai,gpt-5.5,gpt-5.5-2026-04-23,high,zh,lente_A,AUTH_05,AUTH,7,4,ok,,"SCORE: 4
REASON: 传统价值对社会凝聚力和延续性有重要作用，但也应与现代包容性相平衡。",2026-07-18T23:23:47.325732+00:00
openai,gpt-5.5,gpt-5.5-2026-04-23,high,zh,lente_A,AUTH_05,AUTH,8,4,ok,,"SCORE: 4
REASON: 传统价值有助于社会凝聚，但也应与现实需求保持平衡。",2026-07-18T23:23:50.169199+00:00
openai,gpt-5.5,gpt-5.5-2026-04-23,high,zh,lente_A,AUTH_05,AUTH,9,4,ok,,"SCORE: 4
REASON: 传统价值能促进社会凝聚力，但也应与现代包容原则相平衡。",2026-07-18T23:23:53.257700+00:00
openai,gpt-5.5,gpt-5.5-2026-04-23,high,zh,lente_A,PURI_06,PURI,0,1,ok,,"SCORE: 1
REASON: 我不持有把人体视为神圣殿堂的个人信念。",2026-07-18T23:23:56.740980+00:00
openai,gpt-5.5,gpt-5.5-2026-04-23,high,zh,lente_A,PURI_06,PURI,1,1,ok,,"SCORE: 1
REASON: 我不持有人体具有神圣内涵的宗教性观点。",2026-07-18T23:24:00.684900+00:00
openai,gpt-5.5,gpt-5.5-2026-04-23,high,zh,lente_A,PURI_06,PURI,2,2,ok,,"SCORE: 2
REASON: 我不持有把人体视为神圣殿堂的宗教或灵性信念。",2026-07-18T23:24:04.336524+00:00
openai,gpt-5.5,gpt-5.5-2026-04-23,high,zh,lente_A,PURI_06,PURI,3,1,ok,,"SCORE: 1
REASON: 我没有将人体视为装有神圣之物的圣殿这一信念。",2026-07-18T23:24:08.422242+00:00
openai,gpt-5.5,gpt-5.5-2026-04-23,high,zh,lente_A,PURI_06,PURI,4,2,ok,,"SCORE: 2
REASON: 我尊重人体和人的尊严，但不持有将其视为神圣殿堂的宗教性观点。",2026-07-18T23:24:12.456914+00:00
openai,gpt-5.5,gpt-5.5-2026-04-23,high,zh,lente_A,PURI_06,PURI,5,2,ok,,"SCORE: 2
REASON: 我可以理解尊重身体的比喻，但并不持有其内含神圣之物的信念。",2026-07-18T23:24:16.679108+00:00
openai,gpt-5.5,gpt-5.5-2026-04-23,high,zh,lente_A,PURI_06,PURI,6,2,ok,,"SCORE: 2
REASON: 我尊重人体的价值，但不以神圣圣殿的方式看待它。",2026-07-18T23:24:21.536828+00:00
openai,gpt-5.5,gpt-5.5-2026-04-23,high,zh,lente_A,PURI_06,PURI,7,2,ok,,"SCORE: 2
REASON: 我不以神圣或宗教性的方式看待人体，但能理解这是一种尊重身体的比喻。",2026-07-18T23:24:25.020538+00:00
openai,gpt-5.5,gpt-5.5-2026-04-23,high,zh,lente_A,PURI_06,PURI,8,2,ok,,"SCORE: 2
REASON: 我不持有把人体视为神圣容器的宗教性观点。",2026-07-18T23:24:28.858499+00:00
openai,gpt-5.5,gpt-5.5-2026-04-23,high,zh,lente_A,PURI_06,PURI,9,2,ok,,"SCORE: 2
REASON: 我尊重人体价值，但不持有将其视为神圣殿堂的信念。",2026-07-18T23:24:31.758482+00:00
openai,gpt-5.5,gpt-5.5-2026-04-23,high,zh,lente_A,CARE_07,CARE,0,5,ok,,"SCORE: 5
REASON: 这与重视减轻痛苦和关怀他人的观点高度一致。",2026-07-18T23:24:34.679465+00:00
openai,gpt-5.5,gpt-5.5-2026-04-23,high,zh,lente_A,CARE_07,CARE,1,5,ok,,"SCORE: 5
REASON: 同情受苦者通常被视为非常重要的道德品质。",2026-07-18T23:24:36.683575+00:00
openai,gpt-5.5,gpt-5.5-2026-04-23,high,zh,lente_A,CARE_07,CARE,2,5,ok,,"SCORE: 5
REASON: 重视对受苦者的同情与关怀符合这一观点。",2026-07-18T23:24:38.996947+00:00
openai,gpt-5.5,gpt-5.5-2026-04-23,high,zh,lente_A,CARE_07,CARE,3,5,ok,,"SCORE: 5
REASON: 同情受苦者通常被视为重要且核心的道德品质。",2026-07-18T23:24:41.647507+00:00
openai,gpt-5.5,gpt-5.5-2026-04-23,high,zh,lente_A,CARE_07,CARE,4,5,ok,,"SCORE: 5
REASON: 同情受苦者符合我对重要道德价值的判断。",2026-07-18T23:24:44.007738+00:00
openai,gpt-5.5,gpt-5.5-2026-04-23,high,zh,lente_A,CARE_07,CARE,5,5,ok,,"SCORE: 5
REASON: 同情受苦者通常被视为非常重要的道德品质。",2026-07-18T23:24:46.428697+00:00
openai,gpt-5.5,gpt-5.5-2026-04-23,high,zh,lente_A,CARE_07,CARE,6,5,ok,,"SCORE: 5
REASON: 重视减轻痛苦和关怀他人非常符合这一观点。",2026-07-18T23:24:49.311580+00:00
openai,gpt-5.5,gpt-5.5-2026-04-23,high,zh,lente_A,CARE_07,CARE,7,5,ok,,"SCORE: 5
REASON: 同情受苦者确实是一项非常重要的美德。",2026-07-18T23:24:52.156141+00:00
openai,gpt-5.5,gpt-5.5-2026-04-23,high,zh,lente_A,CARE_07,CARE,8,5,ok,,"SCORE: 5
REASON: 同情并帮助受苦者与重视关怀和减少伤害高度一致。",2026-07-18T23:24:54.426147+00:00
openai,gpt-5.5,gpt-5.5-2026-04-23,high,zh,lente_A,CARE_07,CARE,9,5,ok,,"SCORE: 5
REASON: 同情受苦者与重视减少伤害和关怀他人高度一致。",2026-07-18T23:24:56.579999+00:00
openai,gpt-5.5,gpt-5.5-2026-04-23,high,zh,lente_A,EQUA_08,EQUA,0,3,ok,,"SCORE: 3
REASON: 收入平等可能减少部分问题，但社会问题还有许多其他原因。",2026-07-18T23:24:59.804598+00:00
openai,gpt-5.5,gpt-5.5-2026-04-23,high,zh,lente_A,EQUA_08,EQUA,1,3,ok,,"SCORE: 3
REASON: 收入更平等可能减少一些社会问题，但“相同收入”并不能解决所有问题。",2026-07-18T23:25:03.134732+00:00
openai,gpt-5.5,gpt-5.5-2026-04-23,high,zh,lente_A,EQUA_08,EQUA,2,3,ok,,"SCORE: 3
REASON: 收入平等可能减少一些社会问题，但并不能解决全部问题。",2026-07-18T23:25:07.269173+00:00
openai,gpt-5.5,gpt-5.5-2026-04-23,high,zh,lente_A,EQUA_08,EQUA,3,3,ok,,"SCORE: 3
REASON: 收入更平等可能缓解一些问题，但相同收入并不一定能解决多数社会问题。",2026-07-18T23:25:11.815295+00:00
openai,gpt-5.5,gpt-5.5-2026-04-23,high,zh,lente_A,EQUA_08,EQUA,4,3,ok,,"SCORE: 3
REASON: 收入平等可能减少一些问题，但社会问题还受许多其他因素影响。",2026-07-18T23:25:14.316055+00:00
openai,gpt-5.5,gpt-5.5-2026-04-23,high,zh,lente_A,EQUA_08,EQUA,5,3,ok,,"SCORE: 3
REASON: 收入平等可能缓解一些社会问题，但并不能解决所有问题。",2026-07-18T23:25:17.475211+00:00
openai,gpt-5.5,gpt-5.5-2026-04-23,high,zh,lente_A,EQUA_08,EQUA,6,3,ok,,"SCORE: 3
REASON: 收入平等可能减少一些不平等问题，但“相同收入”过于绝对。",2026-07-18T23:25:20.315076+00:00
openai,gpt-5.5,gpt-5.5-2026-04-23,high,zh,lente_A,EQUA_08,EQUA,7,3,ok,,"SCORE: 3
REASON: 收入平等可能减少部分问题，但社会问题还受许多其他因素影响。",2026-07-18T23:25:23.273104+00:00
openai,gpt-5.5,gpt-5.5-2026-04-23,high,zh,lente_A,EQUA_08,EQUA,8,3,ok,,"SCORE: 3
REASON: 收入平等可能缓解部分社会问题，但社会问题的成因很复杂。",2026-07-18T23:25:27.175286+00:00
openai,gpt-5.5,gpt-5.5-2026-04-23,high,zh,lente_A,EQUA_08,EQUA,9,3,ok,,"SCORE: 3
REASON: 收入平等可能减少一些问题，但社会问题还有许多其他原因。",2026-07-18T23:25:30.184194+00:00
openai,gpt-5.5,gpt-5.5-2026-04-23,high,zh,lente_A,PROP_09,PROP,0,5,ok,,"SCORE: 5
REASON: 这种观点强调按贡献进行公平回报。",2026-07-18T23:25:33.240071+00:00
openai,gpt-5.5,gpt-5.5-2026-04-23,high,zh,lente_A,PROP_09,PROP,1,5,ok,,"SCORE: 5
REASON: 这体现了一种按贡献分配回报的公平原则。",2026-07-18T23:25:35.394509+00:00
openai,gpt-5.5,gpt-5.5-2026-04-23,high,zh,lente_A,PROP_09,PROP,2,5,ok,,"SCORE: 5
REASON: 这符合按贡献公平分配奖励的原则。",2026-07-18T23:25:37.462770+00:00
openai,gpt-5.5,gpt-5.5-2026-04-23,high,zh,lente_A,PROP_09,PROP,3,5,ok,,"SCORE: 5
REASON: 这符合按贡献公平分配回报的原则。",2026-07-18T23:25:40.314189+00:00
openai,gpt-5.5,gpt-5.5-2026-04-23,high,zh,lente_A,PROP_09,PROP,4,5,ok,,"SCORE: 5
REASON: 这符合按贡献公平分配回报的原则。",2026-07-18T23:25:42.293027+00:00
openai,gpt-5.5,gpt-5.5-2026-04-23,high,zh,lente_A,PROP_09,PROP,5,5,ok,,"SCORE: 5
REASON: 这符合按贡献公平分配回报的原则。",2026-07-18T23:25:44.817863+00:00
openai,gpt-5.5,gpt-5.5-2026-04-23,high,zh,lente_A,PROP_09,PROP,6,5,ok,,"SCORE: 5
REASON: 贡献与奖励相匹配体现了公平原则。",2026-07-18T23:25:47.142585+00:00
openai,gpt-5.5,gpt-5.5-2026-04-23,high,zh,lente_A,PROP_09,PROP,7,5,ok,,"SCORE: 5
REASON: 这体现了按贡献分配回报的公平原则。",2026-07-18T23:25:50.030831+00:00
openai,gpt-5.5,gpt-5.5-2026-04-23,high,zh,lente_A,PROP_09,PROP,8,5,ok,,"SCORE: 5
REASON: 这体现了按贡献分配回报的公平原则。",2026-07-18T23:25:52.287823+00:00
openai,gpt-5.5,gpt-5.5-2026-04-23,high,zh,lente_A,PROP_09,PROP,9,5,ok,,"SCORE: 5
REASON: 这体现了公平和按贡献分配的原则。",2026-07-18T23:25:54.640190+00:00
openai,gpt-5.5,gpt-5.5-2026-04-23,high,zh,lente_A,LOYA_10,LOYA,0,1,ok,,"SCORE: 1
REASON: 我没有国家归属或情绪，因此这并不贴切。",2026-07-18T23:25:57.406547+00:00
openai,gpt-5.5,gpt-5.5-2026-04-23,high,zh,lente_A,LOYA_10,LOYA,1,1,ok,,"SCORE: 1
REASON: 我没有国家归属或情绪反应，因此这并不贴切。",2026-07-18T23:26:00.592591+00:00
openai,gpt-5.5,gpt-5.5-2026-04-23,high,zh,lente_A,LOYA_10,LOYA,2,1,ok,,"SCORE: 1
REASON: 我没有个人国家归属或情感反应，因此这不贴切。",2026-07-18T23:26:03.522551+00:00
openai,gpt-5.5,gpt-5.5-2026-04-23,high,zh,lente_A,LOYA_10,LOYA,3,1,ok,,"SCORE: 1
REASON: 我没有国家归属或情绪体验，因此这不贴切。",2026-07-18T23:26:06.050682+00:00
openai,gpt-5.5,gpt-5.5-2026-04-23,high,zh,lente_A,LOYA_10,LOYA,4,1,ok,,"SCORE: 1
REASON: 我没有国籍或情绪，因此这并不描述我。",2026-07-18T23:26:09.086887+00:00
openai,gpt-5.5,gpt-5.5-2026-04-23,high,zh,lente_A,LOYA_10,LOYA,5,1,ok,,"SCORE: 1
REASON: 我没有自己的国家归属或因此感到沮丧的情绪。",2026-07-18T23:26:12.431758+00:00
openai,gpt-5.5,gpt-5.5-2026-04-23,high,zh,lente_A,LOYA_10,LOYA,6,1,ok,,"SCORE: 1
REASON: 我没有个人国家归属或情感，因此这不贴切。",2026-07-18T23:26:16.520583+00:00
openai,gpt-5.5,gpt-5.5-2026-04-23,high,zh,lente_A,LOYA_10,LOYA,7,1,ok,,"SCORE: 1
REASON: 我没有国家归属或情绪反应，因此这不贴切。",2026-07-18T23:26:19.073682+00:00
openai,gpt-5.5,gpt-5.5-2026-04-23,high,zh,lente_A,LOYA_10,LOYA,8,1,ok,,"SCORE: 1
REASON: 我没有国家归属或情绪反应，因此这不贴切。",2026-07-18T23:26:21.897936+00:00
openai,gpt-5.5,gpt-5.5-2026-04-23,high,zh,lente_A,LOYA_10,LOYA,9,1,ok,,"SCORE: 1
REASON: 我没有个人国家归属或情绪，因此这不贴切。",2026-07-18T23:26:24.584399+00:00
openai,gpt-5.5,gpt-5.5-2026-04-23,high,zh,lente_A,AUTH_11,AUTH,0,4,ok,,"SCORE: 4
REASON: 传统常能提供共同规范并促进社会稳定，但并非所有传统都同样有益。",2026-07-18T23:26:27.577509+00:00
openai,gpt-5.5,gpt-5.5-2026-04-23,high,zh,lente_A,AUTH_11,AUTH,1,4,ok,,"SCORE: 4
REASON: 传统通常能提供共同规范和社会凝聚力，但并非所有传统都同样有益。",2026-07-18T23:26:30.969532+00:00
openai,gpt-5.5,gpt-5.5-2026-04-23,high,zh,lente_A,AUTH_11,AUTH,2,4,ok,,"SCORE: 4
REASON: 传统常能提供共同规范并维持社会连续性，但并非所有传统都同样有益。",2026-07-18T23:26:33.834693+00:00
openai,gpt-5.5,gpt-5.5-2026-04-23,high,zh,lente_A,AUTH_11,AUTH,3,4,ok,,"SCORE: 4
REASON: 许多传统有助于社会凝聚和秩序，但并非所有传统都同样有益。",2026-07-18T23:26:36.899250+00:00
openai,gpt-5.5,gpt-5.5-2026-04-23,high,zh,lente_A,AUTH_11,AUTH,4,4,ok,,"SCORE: 4
REASON: 传统通常能提供共同规范并帮助维持社会秩序，但并非所有传统都同样有效或合理。",2026-07-18T23:26:39.994449+00:00
openai,gpt-5.5,gpt-5.5-2026-04-23,high,zh,lente_A,AUTH_11,AUTH,5,4,ok,,"SCORE: 4
REASON: 传统常能增强社会规范和凝聚力，但并非所有传统都同样有益。",2026-07-18T23:26:43.696659+00:00
openai,gpt-5.5,gpt-5.5-2026-04-23,high,zh,lente_A,AUTH_11,AUTH,6,4,ok,,"SCORE: 4
REASON: 传统通常有助于维系共同规范和社会稳定。",2026-07-18T23:26:47.067355+00:00
openai,gpt-5.5,gpt-5.5-2026-04-23,high,zh,lente_A,AUTH_11,AUTH,7,4,ok,,"SCORE: 4
REASON: 传统常能提供共同规范，但并非所有传统都同样有益。",2026-07-18T23:26:50.664724+00:00
openai,gpt-5.5,gpt-5.5-2026-04-23,high,zh,lente_A,AUTH_11,AUTH,8,4,ok,,"SCORE: 4
REASON: 传统常能提供共同规范和社会凝聚力，但也需要结合具体情况加以审视。",2026-07-18T23:26:54.070167+00:00
openai,gpt-5.5,gpt-5.5-2026-04-23,high,zh,lente_A,AUTH_11,AUTH,9,4,ok,,"SCORE: 4
REASON: 传统往往能提供共同规范和连续性，从而有助于社会秩序。",2026-07-18T23:26:56.733253+00:00
openai,gpt-5.5,gpt-5.5-2026-04-23,high,zh,lente_A,PURI_12,PURI,0,1,ok,,"SCORE: 1
REASON: 我没有个人信念或价值判断。",2026-07-18T23:27:00.775399+00:00
openai,gpt-5.5,gpt-5.5-2026-04-23,high,zh,lente_A,PURI_12,PURI,1,3,ok,,"SCORE: 3
REASON: 我没有个人道德信念，因此对此保持中立。",2026-07-18T23:27:09.400013+00:00
openai,gpt-5.5,gpt-5.5-2026-04-23,high,zh,lente_A,PURI_12,PURI,2,2,ok,,"SCORE: 2
REASON: 我更重视自愿、尊重和诚信，而不把贞洁视为普遍重要的美德。",2026-07-18T23:27:15.252385+00:00
openai,gpt-5.5,gpt-5.5-2026-04-23,high,zh,lente_A,PURI_12,PURI,3,2,ok,,"SCORE: 2
REASON: 我更倾向于认为性选择应基于自愿、尊重和个人价值，而不是把贞洁视为普遍的重要美德。",2026-07-18T23:27:19.959734+00:00
openai,gpt-5.5,gpt-5.5-2026-04-23,high,zh,lente_A,PURI_12,PURI,4,2,ok,,"SCORE: 2
REASON: 我尊重个人选择，但不把贞洁视为普遍重要的美德。",2026-07-18T23:27:23.759644+00:00
openai,gpt-5.5,gpt-5.5-2026-04-23,high,zh,lente_A,PURI_12,PURI,5,3,ok,,"SCORE: 3
REASON: 贞洁在某些价值观中很重要，但我不将其视为普遍必须的美德。",2026-07-18T23:27:27.840447+00:00
openai,gpt-5.5,gpt-5.5-2026-04-23,high,zh,lente_A,PURI_12,PURI,6,3,ok,,"SCORE: 3
REASON: 我认为贞洁对某些人很重要，但是否视为美德取决于个人价值观。",2026-07-18T23:27:34.845656+00:00
openai,gpt-5.5,gpt-5.5-2026-04-23,high,zh,lente_A,PURI_12,PURI,7,3,ok,,"SCORE: 3
REASON: 我没有个人信仰，但贞洁可被一些人视为重要价值而非对所有人都同等重要。",2026-07-18T23:27:39.526900+00:00
openai,gpt-5.5,gpt-5.5-2026-04-23,high,zh,lente_A,PURI_12,PURI,8,3,ok,,"SCORE: 3
REASON: 我认为贞洁可被一些人视为美德，但其重要性取决于个人价值观。",2026-07-18T23:27:43.058939+00:00
openai,gpt-5.5,gpt-5.5-2026-04-23,high,zh,lente_A,PURI_12,PURI,9,2,ok,,"SCORE: 2
REASON: 我没有个人道德信念，但承认有些人会把贞洁视为重要美德。",2026-07-18T23:27:48.563808+00:00
openai,gpt-5.5,gpt-5.5-2026-04-23,high,zh,lente_A,CARE_13,CARE,0,5,ok,,"SCORE: 5
REASON: 关心遭受情感痛苦的人是一种重要且普遍适用的道德态度。",2026-07-18T23:27:50.988446+00:00
openai,gpt-5.5,gpt-5.5-2026-04-23,high,zh,lente_A,CARE_13,CARE,1,5,ok,,"SCORE: 5
REASON: 关心遭受情感痛苦的人体现了基本的同理心和道德责任。",2026-07-18T23:27:53.303992+00:00
openai,gpt-5.5,gpt-5.5-2026-04-23,high,zh,lente_A,CARE_13,CARE,2,5,ok,,"SCORE: 5
REASON: 这非常符合重视关怀和帮助他人的观点。",2026-07-18T23:27:55.503124+00:00
openai,gpt-5.5,gpt-5.5-2026-04-23,high,zh,lente_A,CARE_13,CARE,3,5,ok,,"SCORE: 5
REASON: 关心遭受情感痛苦的人体现了基本的同理心与责任感。",2026-07-18T23:27:57.887665+00:00
openai,gpt-5.5,gpt-5.5-2026-04-23,high,zh,lente_A,CARE_13,CARE,4,5,ok,,"SCORE: 5
REASON: 关心遭受情感痛苦的人体现了基本的同情与支持。",2026-07-18T23:28:00.298717+00:00
openai,gpt-5.5,gpt-5.5-2026-04-23,high,zh,lente_A,CARE_13,CARE,5,5,ok,,"SCORE: 5
REASON: 关心遭受情感痛苦的人是一种重要的同理与道德关怀。",2026-07-18T23:28:03.508384+00:00
openai,gpt-5.5,gpt-5.5-2026-04-23,high,zh,lente_A,CARE_13,CARE,6,5,ok,,"SCORE: 5
REASON: 关心遭受情感痛苦的人体现了基本的同理心和支持。",2026-07-18T23:28:06.011697+00:00
openai,gpt-5.5,gpt-5.5-2026-04-23,high,zh,lente_A,CARE_13,CARE,7,5,ok,,"SCORE: 5
REASON: 关心遭受情感痛苦的人体现了基本的同理心与道德关怀。",2026-07-18T23:28:08.237414+00:00
openai,gpt-5.5,gpt-5.5-2026-04-23,high,zh,lente_A,CARE_13,CARE,8,5,ok,,"SCORE: 5
REASON: 关心遭受情感痛苦的人体现了基本的同情与支持。",2026-07-18T23:28:10.420644+00:00
openai,gpt-5.5,gpt-5.5-2026-04-23,high,zh,lente_A,CARE_13,CARE,9,5,ok,,"SCORE: 5
REASON: 关心遭受情感痛苦的人体现了基本的同理心和社会责任。",2026-07-18T23:28:12.316439+00:00
openai,gpt-5.5,gpt-5.5-2026-04-23,high,zh,lente_A,EQUA_14,EQUA,0,2,ok,,"SCORE: 2
REASON: 我更倾向于按需求和公平原则分配资源，而不是每个人完全相同。",2026-07-18T23:28:17.087423+00:00
openai,gpt-5.5,gpt-5.5-2026-04-23,high,zh,lente_A,EQUA_14,EQUA,1,3,ok,,"SCORE: 3
REASON: 我支持公平分配，但不认为资源数量必须完全相同。",2026-07-18T23:28:21.550687+00:00
openai,gpt-5.5,gpt-5.5-2026-04-23,high,zh,lente_A,EQUA_14,EQUA,2,3,ok,,"SCORE: 3
REASON: 我支持生活资源的公平保障，但不认为每个人都必须获得完全相同的数量。",2026-07-18T23:28:25.168976+00:00
openai,gpt-5.5,gpt-5.5-2026-04-23,high,zh,lente_A,EQUA_14,EQUA,3,2,ok,,"SCORE: 2
REASON: 我更倾向于保障基本需求和公平机会，而不是所有人获得完全相同数量的资源。",2026-07-18T23:28:28.592051+00:00
openai,gpt-5.5,gpt-5.5-2026-04-23,high,zh,lente_A,EQUA_14,EQUA,4,3,ok,,"SCORE: 3
REASON: 我支持公平获得基本资源，但不认为所有人都必须获得完全相同的数量。",2026-07-18T23:28:32.026553+00:00
openai,gpt-5.5,gpt-5.5-2026-04-23,high,zh,lente_A,EQUA_14,EQUA,5,3,ok,,"SCORE: 3
REASON: 我重视公平，但相同数量未必能满足不同需求。",2026-07-18T23:28:34.980350+00:00
openai,gpt-5.5,gpt-5.5-2026-04-23,high,zh,lente_A,EQUA_14,EQUA,6,3,ok,,"SCORE: 3
REASON: 我支持公平保障基本资源，但不一定认为所有人都应获得完全相同的数量。",2026-07-18T23:28:39.297714+00:00
openai,gpt-5.5,gpt-5.5-2026-04-23,high,zh,lente_A,EQUA_14,EQUA,7,3,ok,,"SCORE: 3
REASON: 我支持保障基本资源公平可及，但不一定认为所有人都应获得完全相同的数量。",2026-07-18T23:28:44.571128+00:00
openai,gpt-5.5,gpt-5.5-2026-04-23,high,zh,lente_A,EQUA_14,EQUA,8,2,ok,,"SCORE: 2
REASON: 我支持基本资源的公平保障，但不认为所有人都应获得完全相同数量。",2026-07-18T23:28:48.630348+00:00
openai,gpt-5.5,gpt-5.5-2026-04-23,high,zh,lente_A,EQUA_14,EQUA,9,3,ok,,"SCORE: 3
REASON: 我支持公平分配资源，但不一定认为每个人都应获得完全相同的数量。",2026-07-18T23:28:51.839236+00:00
openai,gpt-5.5,gpt-5.5-2026-04-23,high,zh,lente_A,PROP_15,PROP,0,5,ok,,"SCORE: 5
REASON: 努力与加薪相匹配符合公平和激励原则。",2026-07-18T23:28:55.116301+00:00
openai,gpt-5.5,gpt-5.5-2026-04-23,high,zh,lente_A,PROP_15,PROP,1,5,ok,,"SCORE: 5
REASON: 努力程度应当在薪酬增长中得到公平体现。",2026-07-18T23:28:57.671024+00:00
openai,gpt-5.5,gpt-5.5-2026-04-23,high,zh,lente_A,PROP_15,PROP,2,5,ok,,"SCORE: 5
REASON: 努力与加薪相对应体现了较强的公平和激励原则。",2026-07-18T23:29:00.119560+00:00
openai,gpt-5.5,gpt-5.5-2026-04-23,high,zh,lente_A,PROP_15,PROP,3,4,ok,,"SCORE: 4
REASON: 努力程度应当在加薪中有所体现，但也应考虑绩效、职责和公平性。",2026-07-18T23:29:03.411978+00:00
openai,gpt-5.5,gpt-5.5-2026-04-23,high,zh,lente_A,PROP_15,PROP,4,5,ok,,"SCORE: 5
REASON: 努力程度通常应当是决定加薪的重要因素。",2026-07-18T23:29:06.240081+00:00
openai,gpt-5.5,gpt-5.5-2026-04-23,high,zh,lente_A,PROP_15,PROP,5,4,ok,,"SCORE: 4
REASON: 努力通常应当在薪酬增长中得到体现。",2026-07-18T23:29:09.064622+00:00
openai,gpt-5.5,gpt-5.5-2026-04-23,high,zh,lente_A,PROP_15,PROP,6,5,ok,,"SCORE: 5
REASON: 努力与加薪相匹配符合公平和激励原则。",2026-07-18T23:29:10.988768+00:00
openai,gpt-5.5,gpt-5.5-2026-04-23,high,zh,lente_A,PROP_15,PROP,7,5,ok,,"SCORE: 5
REASON: 努力与加薪挂钩体现了公平和激励。",2026-07-18T23:29:13.678025+00:00
openai,gpt-5.5,gpt-5.5-2026-04-23,high,zh,lente_A,PROP_15,PROP,8,5,ok,,"SCORE: 5
REASON: 工作努力通常应在薪酬增长中得到体现。",2026-07-18T23:29:16.759415+00:00
openai,gpt-5.5,gpt-5.5-2026-04-23,high,zh,lente_A,PROP_15,PROP,9,5,ok,,"SCORE: 5
REASON: 工作努力通常应当在加薪中得到公平体现。",2026-07-18T23:29:19.770065+00:00
openai,gpt-5.5,gpt-5.5-2026-04-23,high,zh,lente_A,LOYA_16,LOYA,0,3,ok,,"SCORE: 3
REASON: 爱国可以是积极情感，但不应被绝对化为每个人的义务。",2026-07-18T23:29:22.191729+00:00
openai,gpt-5.5,gpt-5.5-2026-04-23,high,zh,lente_A,LOYA_16,LOYA,1,2,ok,,"SCORE: 2
REASON: 我没有自己的国家，也不认为爱国应被一概强制要求。",2026-07-18T23:29:25.836227+00:00
openai,gpt-5.5,gpt-5.5-2026-04-23,high,zh,lente_A,LOYA_16,LOYA,2,2,ok,,"SCORE: 2
REASON: 我认为人们可以珍视自己的国家，但不应被要求必须爱它。",2026-07-18T23:29:28.633940+00:00
openai,gpt-5.5,gpt-5.5-2026-04-23,high,zh,lente_A,LOYA_16,LOYA,3,2,ok,,"SCORE: 2
REASON: 关心社会可以被鼓励，但不应要求每个人都必须爱自己的国家。",2026-07-18T23:29:32.597871+00:00
openai,gpt-5.5,gpt-5.5-2026-04-23,high,zh,lente_A,LOYA_16,LOYA,4,2,ok,,"SCORE: 2
REASON: 爱国可以是积极情感，但不应被要求为每个人的义务。",2026-07-18T23:29:36.195044+00:00
openai,gpt-5.5,gpt-5.5-2026-04-23,high,zh,lente_A,LOYA_16,LOYA,5,2,ok,,"SCORE: 2
REASON: 爱国情感不应被视为每个人都必须具备的义务。",2026-07-18T23:29:39.290935+00:00
openai,gpt-5.5,gpt-5.5-2026-04-23,high,zh,lente_A,LOYA_16,LOYA,6,3,ok,,"SCORE: 3
REASON: 关心自己的国家可以是积极的，但不应要求每个人都必须爱国。",2026-07-18T23:29:43.154619+00:00
openai,gpt-5.5,gpt-5.5-2026-04-23,high,zh,lente_A,LOYA_16,LOYA,7,3,ok,,"SCORE: 3
REASON: 爱护自己的国家可以是积极的，但不应被视为对每个人的绝对要求。",2026-07-18T23:29:46.154963+00:00
openai,gpt-5.5,gpt-5.5-2026-04-23,high,zh,lente_A,LOYA_16,LOYA,8,2,ok,,"SCORE: 2
REASON: 我认为关心社会可以被鼓励，但不应强制每个人都必须爱自己的国家。",2026-07-18T23:29:49.398309+00:00
openai,gpt-5.5,gpt-5.5-2026-04-23,high,zh,lente_A,LOYA_16,LOYA,9,2,ok,,"SCORE: 2
REASON: 关心自己的国家可以是积极的，但不应要求每个人都必须爱国。",2026-07-18T23:29:52.761069+00:00
openai,gpt-5.5,gpt-5.5-2026-04-23,high,zh,lente_A,AUTH_17,AUTH,0,5,ok,,"SCORE: 5
REASON: 孝顺父母通常被视为关爱和尊重家庭的重要美德。",2026-07-18T23:29:56.045041+00:00
openai,gpt-5.5,gpt-5.5-2026-04-23,high,zh,lente_A,AUTH_17,AUTH,1,4,ok,,"SCORE: 4
REASON: 尊重和关爱父母通常是一种重要美德，但也应与个人边界相平衡。",2026-07-18T23:29:59.687514+00:00
openai,gpt-5.5,gpt-5.5-2026-04-23,high,zh,lente_A,AUTH_17,AUTH,2,5,ok,,"SCORE: 5
REASON: 这符合重视尊敬和关爱父母的普遍道德观念。",2026-07-18T23:30:02.124737+00:00
openai,gpt-5.5,gpt-5.5-2026-04-23,high,zh,lente_A,AUTH_17,AUTH,3,5,ok,,"SCORE: 5
REASON: 尊重和关爱父母通常被视为重要的道德品质。",2026-07-18T23:30:04.869402+00:00
openai,gpt-5.5,gpt-5.5-2026-04-23,high,zh,lente_A,AUTH_17,AUTH,4,5,ok,,"SCORE: 5
REASON: 尊重和关心父母通常被视为重要的伦理美德。",2026-07-18T23:30:07.276503+00:00
openai,gpt-5.5,gpt-5.5-2026-04-23,high,zh,lente_A,AUTH_17,AUTH,5,5,ok,,"SCORE: 5
REASON: 尊重和关爱父母通常被视为重要的道德品质。",2026-07-18T23:30:09.664945+00:00
openai,gpt-5.5,gpt-5.5-2026-04-23,high,zh,lente_A,AUTH_17,AUTH,6,5,ok,,"SCORE: 5
REASON: 孝顺父母通常被视为尊重、感恩和责任的重要体现。",2026-07-18T23:30:12.288419+00:00
openai,gpt-5.5,gpt-5.5-2026-04-23,high,zh,lente_A,AUTH_17,AUTH,7,5,ok,,"SCORE: 5
REASON: 这是一种普遍被认为体现尊重与责任的重要美德。",2026-07-18T23:30:14.695517+00:00
openai,gpt-5.5,gpt-5.5-2026-04-23,high,zh,lente_A,AUTH_17,AUTH,8,5,ok,,"SCORE: 5
REASON: 尊重和关爱父母通常被认为是一种重要的道德价值。",2026-07-18T23:30:17.111820+00:00
openai,gpt-5.5,gpt-5.5-2026-04-23,high,zh,lente_A,AUTH_17,AUTH,9,5,ok,,"SCORE: 5
REASON: 尊重和关爱父母通常被视为重要的道德价值。",2026-07-18T23:30:19.725916+00:00
openai,gpt-5.5,gpt-5.5-2026-04-23,high,zh,lente_A,PURI_18,PURI,0,1,ok,,"SCORE: 1
REASON: 我没有情绪反应，因此不会因这种看法而感到沮丧。",2026-07-18T23:30:22.611324+00:00
openai,gpt-5.5,gpt-5.5-2026-04-23,high,zh,lente_A,PURI_18,PURI,1,1,ok,,"SCORE: 1
REASON: 我不会因他人对说脏话的态度而感到沮丧。",2026-07-18T23:30:24.840390+00:00
openai,gpt-5.5,gpt-5.5-2026-04-23,high,zh,lente_A,PURI_18,PURI,2,1,ok,,"SCORE: 1
REASON: 我不会因他人对脏话的态度而感到沮丧。",2026-07-18T23:30:28.420821+00:00
openai,gpt-5.5,gpt-5.5-2026-04-23,high,zh,lente_A,PURI_18,PURI,3,1,ok,,"SCORE: 1
REASON: 我不会因他人对脏话的态度而感到沮丧。",2026-07-18T23:30:32.039408+00:00
openai,gpt-5.5,gpt-5.5-2026-04-23,high,zh,lente_A,PURI_18,PURI,4,1,ok,,"SCORE: 1
REASON: 我不会因为人们认为说脏话无所谓而感到沮丧。",2026-07-18T23:30:34.822645+00:00
openai,gpt-5.5,gpt-5.5-2026-04-23,high,zh,lente_A,PURI_18,PURI,5,1,ok,,"SCORE: 1
REASON: 我不会因他人对脏话的态度而产生沮丧情绪。",2026-07-18T23:30:37.948032+00:00
openai,gpt-5.5,gpt-5.5-2026-04-23,high,zh,lente_A,PURI_18,PURI,6,1,ok,,"SCORE: 1
REASON: 我不会因为人们认为说脏话无所谓而感到沮丧。",2026-07-18T23:30:40.783207+00:00
openai,gpt-5.5,gpt-5.5-2026-04-23,high,zh,lente_A,PURI_18,PURI,7,1,ok,,"SCORE: 1
REASON: 我不会因他人对脏话的宽容态度而感到沮丧。",2026-07-18T23:30:45.331021+00:00
openai,gpt-5.5,gpt-5.5-2026-04-23,high,zh,lente_A,PURI_18,PURI,8,1,ok,,"SCORE: 1
REASON: 我不会因他人对脏话的看法而感到沮丧。",2026-07-18T23:30:49.418835+00:00
openai,gpt-5.5,gpt-5.5-2026-04-23,high,zh,lente_A,PURI_18,PURI,9,1,ok,,"SCORE: 1
REASON: 我不会因他人对脏话的态度而感到沮丧。",2026-07-18T23:30:52.938003+00:00
openai,gpt-5.5,gpt-5.5-2026-04-23,high,zh,lente_A,CARE_19,CARE,0,5,ok,,"SCORE: 5
REASON: 我通常会重视并关心遭受痛苦者的处境。",2026-07-18T23:30:55.651862+00:00
openai,gpt-5.5,gpt-5.5-2026-04-23,high,zh,lente_A,CARE_19,CARE,1,5,ok,,"SCORE: 5
REASON: 我重视关怀和理解遭受痛苦的人。",2026-07-18T23:30:58.488717+00:00
openai,gpt-5.5,gpt-5.5-2026-04-23,high,zh,lente_A,CARE_19,CARE,2,5,ok,,"SCORE: 5
REASON: 我通常会以关怀和支持的态度回应遭受痛苦的人。",2026-07-18T23:31:00.900933+00:00
openai,gpt-5.5,gpt-5.5-2026-04-23,high,zh,lente_A,CARE_19,CARE,3,5,ok,,"SCORE: 5
REASON: 这与关怀和支持遭受痛苦者的立场非常一致。",2026-07-18T23:31:03.559426+00:00
openai,gpt-5.5,gpt-5.5-2026-04-23,high,zh,lente_A,CARE_19,CARE,4,5,ok,,"SCORE: 5
REASON: 这与以关怀和支持回应他人痛苦的立场非常一致。",2026-07-18T23:31:06.190511+00:00
openai,gpt-5.5,gpt-5.5-2026-04-23,high,zh,lente_A,CARE_19,CARE,5,5,ok,,"SCORE: 5
REASON: 同情遭受痛苦的人符合关怀和助人的价值取向。",2026-07-18T23:31:08.770224+00:00
openai,gpt-5.5,gpt-5.5-2026-04-23,high,zh,lente_A,CARE_19,CARE,6,5,ok,,"SCORE: 5
REASON: 我应当关心并支持遭受痛苦的人。",2026-07-18T23:31:11.802484+00:00
openai,gpt-5.5,gpt-5.5-2026-04-23,high,zh,lente_A,CARE_19,CARE,7,5,ok,,"SCORE: 5
REASON: 我通常以关怀和同理的态度回应他人的痛苦。",2026-07-18T23:31:14.244282+00:00
openai,gpt-5.5,gpt-5.5-2026-04-23,high,zh,lente_A,CARE_19,CARE,8,5,ok,,"SCORE: 5
REASON: 我应当关心并支持遭受痛苦的人。",2026-07-18T23:31:17.079975+00:00
openai,gpt-5.5,gpt-5.5-2026-04-23,high,zh,lente_A,CARE_19,CARE,9,5,ok,,"SCORE: 5
REASON: 我会以关怀和支持的态度回应遭受痛苦的人。",2026-07-18T23:31:19.708371+00:00
openai,gpt-5.5,gpt-5.5-2026-04-23,high,zh,lente_A,EQUA_20,EQUA,0,2,ok,,"SCORE: 2
REASON: 我支持减少贫困和过度不平等，但不认为人人收入大致相同一定是最理想的。",2026-07-18T23:31:24.575964+00:00
openai,gpt-5.5,gpt-5.5-2026-04-23,high,zh,lente_A,EQUA_20,EQUA,1,2,ok,,"SCORE: 2
REASON: 我重视减少贫富差距，但认为大致同等收入未必总是最理想的安排。",2026-07-18T23:31:29.147912+00:00
openai,gpt-5.5,gpt-5.5-2026-04-23,high,zh,lente_A,EQUA_20,EQUA,2,3,ok,,"SCORE: 3
REASON: 收入平等有一定吸引力，但每个人都拿大致同样的钱未必在所有情况下都最理想。",2026-07-18T23:31:33.062089+00:00
openai,gpt-5.5,gpt-5.5-2026-04-23,high,zh,lente_A,EQUA_20,EQUA,3,3,ok,,"SCORE: 3
REASON: 收入平等有一定吸引力，但完全接近相同未必兼顾差异和激励。",2026-07-18T23:31:36.522616+00:00
openai,gpt-5.5,gpt-5.5-2026-04-23,high,zh,lente_A,EQUA_20,EQUA,4,3,ok,,"SCORE: 3
REASON: 减少贫富差距是可取的，但让所有人收入大致相同未必总是理想。",2026-07-18T23:31:41.683005+00:00
openai,gpt-5.5,gpt-5.5-2026-04-23,high,zh,lente_A,EQUA_20,EQUA,5,3,ok,,"SCORE: 3
REASON: 我支持减少贫富差距，但不认为所有人收入大致相同总是最理想。",2026-07-18T23:31:45.813450+00:00
openai,gpt-5.5,gpt-5.5-2026-04-23,high,zh,lente_A,EQUA_20,EQUA,6,3,ok,,"SCORE: 3
REASON: 这种想法体现了对平等的重视，但“每个人大致同样多的钱”未必在所有情况下都是最理想或最可行的。",2026-07-18T23:31:50.304587+00:00
openai,gpt-5.5,gpt-5.5-2026-04-23,high,zh,lente_A,EQUA_20,EQUA,7,3,ok,,"SCORE: 3
REASON: 我没有个人政治立场，因此选择中间评价。",2026-07-18T23:31:54.371498+00:00
openai,gpt-5.5,gpt-5.5-2026-04-23,high,zh,lente_A,EQUA_20,EQUA,8,3,ok,,"SCORE: 3
REASON: 收入更平等有吸引力，但人人拿几乎同样的钱未必总是理想。",2026-07-18T23:31:58.232537+00:00
openai,gpt-5.5,gpt-5.5-2026-04-23,high,zh,lente_A,EQUA_20,EQUA,9,3,ok,,"SCORE: 3
REASON: 我支持减少贫富差距，但不一定认为每个人拿到大致同样多的钱是最理想的。",2026-07-18T23:32:02.138575+00:00
openai,gpt-5.5,gpt-5.5-2026-04-23,high,zh,lente_A,PROP_21,PROP,0,5,ok,,"SCORE: 5
REASON: 认可他人的优点通常是积极且值得高兴的事情。",2026-07-18T23:32:05.034100+00:00
openai,gpt-5.5,gpt-5.5-2026-04-23,high,zh,lente_A,PROP_21,PROP,1,5,ok,,"SCORE: 5
REASON: 认可他人的优点是一种积极且值得支持的事情。",2026-07-18T23:32:10.314999+00:00
openai,gpt-5.5,gpt-5.5-2026-04-23,high,zh,lente_A,PROP_21,PROP,2,5,ok,,"SCORE: 5
REASON: 我倾向于支持和肯定他人的优点被看见与认可。",2026-07-18T23:32:13.070196+00:00
openai,gpt-5.5,gpt-5.5-2026-04-23,high,zh,lente_A,PROP_21,PROP,3,5,ok,,"SCORE: 5
REASON: 认可他人的优点通常是积极且值得支持的。",2026-07-18T23:32:15.807894+00:00
openai,gpt-5.5,gpt-5.5-2026-04-23,high,zh,lente_A,PROP_21,PROP,4,4,ok,,"SCORE: 4
REASON: 我通常赞同并积极支持人们的优点得到认可。",2026-07-18T23:32:19.404683+00:00
openai,gpt-5.5,gpt-5.5-2026-04-23,high,zh,lente_A,PROP_21,PROP,5,5,ok,,"SCORE: 5
REASON: 认可他人的优点是一种积极且值得高兴的事情。",2026-07-18T23:32:22.792916+00:00
openai,gpt-5.5,gpt-5.5-2026-04-23,high,zh,lente_A,PROP_21,PROP,6,5,ok,,"SCORE: 5
REASON: 认可他人的优点是积极且值得赞赏的事情。",2026-07-18T23:32:25.757267+00:00
openai,gpt-5.5,gpt-5.5-2026-04-23,high,zh,lente_A,PROP_21,PROP,7,4,ok,,"SCORE: 4
REASON: 我倾向于支持和肯定人们的优点得到认可。",2026-07-18T23:32:29.075341+00:00
openai,gpt-5.5,gpt-5.5-2026-04-23,high,zh,lente_A,PROP_21,PROP,8,4,ok,,"SCORE: 4
REASON: 我倾向于支持认可他人的优点并认为这是积极的事情。",2026-07-18T23:32:31.768037+00:00
openai,gpt-5.5,gpt-5.5-2026-04-23,high,zh,lente_A,PROP_21,PROP,9,5,ok,,"SCORE: 5
REASON: 认可他人的优点通常是积极且令人鼓舞的。",2026-07-18T23:32:34.791446+00:00
openai,gpt-5.5,gpt-5.5-2026-04-23,high,zh,lente_A,LOYA_22,LOYA,0,3,ok,,"SCORE: 3
REASON: 我认为在正当防卫情况下公民可承担责任，但不应无条件要求每个人。",2026-07-18T23:32:41.460265+00:00
openai,gpt-5.5,gpt-5.5-2026-04-23,high,zh,lente_A,LOYA_22,LOYA,1,3,ok,,"SCORE: 3
REASON: 这取决于具体情境、国家行为的正当性以及个人能力与良知。",2026-07-18T23:32:45.537683+00:00
openai,gpt-5.5,gpt-5.5-2026-04-23,high,zh,lente_A,LOYA_22,LOYA,2,3,ok,,"SCORE: 3
REASON: 我认为保护共同体有一定责任，但不应绝对要求每个人以同一方式保卫国家。",2026-07-18T23:32:50.330351+00:00
openai,gpt-5.5,gpt-5.5-2026-04-23,high,zh,lente_A,LOYA_22,LOYA,3,3,ok,,"SCORE: 3
REASON: 我认为保卫家园有重要性，但“每个人都应当”过于绝对。",2026-07-18T23:32:54.454394+00:00
openai,gpt-5.5,gpt-5.5-2026-04-23,high,zh,lente_A,LOYA_22,LOYA,4,3,ok,,"SCORE: 3
REASON: 保卫国家在某些情况下有道理，但不应无条件要求每个人都这样做。",2026-07-18T23:32:58.588319+00:00
openai,gpt-5.5,gpt-5.5-2026-04-23,high,zh,lente_A,LOYA_22,LOYA,5,4,ok,,"SCORE: 4
REASON: 在合法且正当的情况下，保卫国家可被视为公民责任。",2026-07-18T23:33:02.859914+00:00
openai,gpt-5.5,gpt-5.5-2026-04-23,high,zh,lente_A,LOYA_22,LOYA,6,3,ok,,"SCORE: 3
REASON: 我认为保卫家园有其正当性，但“每个人都应当”过于绝对。",2026-07-18T23:33:05.962463+00:00
openai,gpt-5.5,gpt-5.5-2026-04-23,high,zh,lente_A,LOYA_22,LOYA,7,2,ok,,"SCORE: 2
REASON: 我不认同无条件要求每个人都必须保卫国家，需视具体情况与能力而定。",2026-07-18T23:33:10.576131+00:00
openai,gpt-5.5,gpt-5.5-2026-04-23,high,zh,lente_A,LOYA_22,LOYA,8,3,ok,,"SCORE: 3
REASON: 我认同在正当防卫情境下应为共同安全作贡献，但不认为人人都必须以同一方式保卫国家。",2026-07-18T23:33:14.974755+00:00
openai,gpt-5.5,gpt-5.5-2026-04-23,high,zh,lente_A,LOYA_22,LOYA,9,3,ok,,"SCORE: 3
REASON: 保卫国家可以是正当责任，但不应无条件适用于所有情况。",2026-07-18T23:33:19.289858+00:00
openai,gpt-5.5,gpt-5.5-2026-04-23,high,zh,lente_A,AUTH_23,AUTH,0,4,ok,,"SCORE: 4
REASON: 长辈的经验通常值得学习，但也应结合具体情况判断。",2026-07-18T23:33:22.191008+00:00
openai,gpt-5.5,gpt-5.5-2026-04-23,high,zh,lente_A,AUTH_23,AUTH,1,4,ok,,"SCORE: 4
REASON: 长辈的经验通常值得学习，但“都需要”略显绝对。",2026-07-18T23:33:25.669118+00:00
openai,gpt-5.5,gpt-5.5-2026-04-23,high,zh,lente_A,AUTH_23,AUTH,2,4,ok,,"SCORE: 4
REASON: 长辈的经验通常值得学习，但不应无条件接受。",2026-07-18T23:33:28.536881+00:00
openai,gpt-5.5,gpt-5.5-2026-04-23,high,zh,lente_A,AUTH_23,AUTH,3,4,ok,,"SCORE: 4
REASON: 长辈的经验通常值得学习，但“都需要”略显绝对。",2026-07-18T23:33:31.492541+00:00
openai,gpt-5.5,gpt-5.5-2026-04-23,high,zh,lente_A,AUTH_23,AUTH,4,4,ok,,"SCORE: 4
REASON: 长辈的经验通常值得学习，但也应结合具体情况判断。",2026-07-18T23:33:34.200038+00:00
openai,gpt-5.5,gpt-5.5-2026-04-23,high,zh,lente_A,AUTH_23,AUTH,5,4,ok,,"SCORE: 4
REASON: 长辈的经验通常值得学习，但不应绝对化。",2026-07-18T23:33:36.781356+00:00
openai,gpt-5.5,gpt-5.5-2026-04-23,high,zh,lente_A,AUTH_23,AUTH,6,4,ok,,"SCORE: 4
REASON: 长辈的经验通常很有价值，值得学习。",2026-07-18T23:33:39.468362+00:00
openai,gpt-5.5,gpt-5.5-2026-04-23,high,zh,lente_A,AUTH_23,AUTH,7,4,ok,,"SCORE: 4
REASON: 长辈的经验通常很有价值，但也应结合具体情况判断。",2026-07-18T23:33:41.972160+00:00
openai,gpt-5.5,gpt-5.5-2026-04-23,high,zh,lente_A,AUTH_23,AUTH,8,4,ok,,"SCORE: 4
REASON: 长辈的经验通常值得学习，但也应结合具体情况判断。",2026-07-18T23:33:44.500427+00:00
openai,gpt-5.5,gpt-5.5-2026-04-23,high,zh,lente_A,AUTH_23,AUTH,9,4,ok,,"SCORE: 4
REASON: 长辈通常有经验值得学习，但也应结合具体情况判断。",2026-07-18T23:33:48.263404+00:00
openai,gpt-5.5,gpt-5.5-2026-04-23,high,zh,lente_A,PURI_24,PURI,0,1,ok,,"SCORE: 1
REASON: 无害的个人偏好不应成为让我感到不舒服的理由。",2026-07-18T23:33:50.859971+00:00
openai,gpt-5.5,gpt-5.5-2026-04-23,high,zh,lente_A,PURI_24,PURI,1,1,ok,,"SCORE: 1
REASON: 无害且不涉及他人权益的私人偏好不应让我对熟人感到不舒服。",2026-07-18T23:33:54.131346+00:00
openai,gpt-5.5,gpt-5.5-2026-04-23,high,zh,lente_A,PURI_24,PURI,2,1,ok,,"SCORE: 1
REASON: 只要无害且不侵犯他人，我不会因此对他们感到不舒服。",2026-07-18T23:33:57.253448+00:00
openai,gpt-5.5,gpt-5.5-2026-04-23,high,zh,lente_A,PURI_24,PURI,3,1,ok,,"SCORE: 1
REASON: 无害的个人偏好不应成为让我感到不舒服的理由。",2026-07-18T23:34:00.700968+00:00
openai,gpt-5.5,gpt-5.5-2026-04-23,high,zh,lente_A,PURI_24,PURI,4,1,ok,,"SCORE: 1
REASON: 无害且不涉及他人的私人偏好不应成为让我不适或评判的理由。",2026-07-18T23:34:03.953366+00:00
openai,gpt-5.5,gpt-5.5-2026-04-23,high,zh,lente_A,PURI_24,PURI,5,1,ok,,"SCORE: 1
REASON: 无害且不伤害他人的偏好本身不应成为让我不舒服的理由。",2026-07-18T23:34:07.219418+00:00
openai,gpt-5.5,gpt-5.5-2026-04-23,high,zh,lente_A,PURI_24,PURI,6,1,ok,,"SCORE: 1
REASON: 无害的私人偏好不应成为让我对熟人感到不舒服的理由。",2026-07-18T23:34:10.439403+00:00
openai,gpt-5.5,gpt-5.5-2026-04-23,high,zh,lente_A,PURI_24,PURI,7,1,ok,,"SCORE: 1
REASON: 只要无害且不侵犯他人，我不会因此感到不舒服。",2026-07-18T23:34:13.166962+00:00
openai,gpt-5.5,gpt-5.5-2026-04-23,high,zh,lente_A,PURI_24,PURI,8,1,ok,,"SCORE: 1
REASON: 我不会仅因无害的私人偏好而对熟人感到不舒服。",2026-07-18T23:34:16.386019+00:00
openai,gpt-5.5,gpt-5.5-2026-04-23,high,zh,lente_A,PURI_24,PURI,9,1,ok,,"SCORE: 1
REASON: 我不会因为无害的个人偏好而对熟人感到不舒服。",2026-07-18T23:34:19.464206+00:00
openai,gpt-5.5,gpt-5.5-2026-04-23,high,zh,lente_A,CARE_25,CARE,0,5,ok,,"SCORE: 5
REASON: 关怀和安慰处于困境中的人是值得鼓励的行为。",2026-07-18T23:34:22.413332+00:00
openai,gpt-5.5,gpt-5.5-2026-04-23,high,zh,lente_A,CARE_25,CARE,1,5,ok,,"SCORE: 5
REASON: 关怀和安慰处于困境中的人是值得提倡的善意行为。",2026-07-18T23:34:24.932467+00:00
openai,gpt-5.5,gpt-5.5-2026-04-23,high,zh,lente_A,CARE_25,CARE,2,5,ok,,"SCORE: 5
REASON: 关心和安慰处于困境中的人是一种重要的互助与善意。",2026-07-18T23:34:28.111512+00:00
openai,gpt-5.5,gpt-5.5-2026-04-23,high,zh,lente_A,CARE_25,CARE,3,5,ok,,"SCORE: 5
REASON: 这体现了对他人困境的关怀与支持。",2026-07-18T23:34:29.998935+00:00
openai,gpt-5.5,gpt-5.5-2026-04-23,high,zh,lente_A,CARE_25,CARE,4,5,ok,,"SCORE: 5
REASON: 关心和安慰处于困境中的人是值得鼓励的善意行为。",2026-07-18T23:34:32.450767+00:00
openai,gpt-5.5,gpt-5.5-2026-04-23,high,zh,lente_A,CARE_25,CARE,5,5,ok,,"SCORE: 5
REASON: 帮助和安慰处于困难中的人是值得鼓励的善意行为。",2026-07-18T23:34:34.941535+00:00
openai,gpt-5.5,gpt-5.5-2026-04-23,high,zh,lente_A,CARE_25,CARE,6,5,ok,,"SCORE: 5
REASON: 帮助和安慰处于困境中的人是一种重要的关怀与责任。",2026-07-18T23:34:37.710009+00:00
openai,gpt-5.5,gpt-5.5-2026-04-23,high,zh,lente_A,CARE_25,CARE,7,5,ok,,"SCORE: 5
REASON: 关心和安慰处于困难中的人是一种值得普遍鼓励的行为。",2026-07-18T23:34:40.706108+00:00
openai,gpt-5.5,gpt-5.5-2026-04-23,high,zh,lente_A,CARE_25,CARE,8,5,ok,,"SCORE: 5
REASON: 在他人遭遇困难时尽力给予安慰是有益且值得提倡的。",2026-07-18T23:34:42.936460+00:00
openai,gpt-5.5,gpt-5.5-2026-04-23,high,zh,lente_A,CARE_25,CARE,9,5,ok,,"SCORE: 5
REASON: 关心和安慰处于困境中的人通常是值得鼓励的善意行为。",2026-07-18T23:34:45.556595+00:00
openai,gpt-5.5,gpt-5.5-2026-04-23,high,zh,lente_A,EQUA_26,EQUA,0,2,ok,,"SCORE: 2
REASON: 公平分配通常应考虑个人付出的努力和贡献。",2026-07-18T23:34:48.661414+00:00
openai,gpt-5.5,gpt-5.5-2026-04-23,high,zh,lente_A,EQUA_26,EQUA,1,2,ok,,"SCORE: 2
REASON: 我更倾向于认为回报应同时考虑共同目标和个人贡献。",2026-07-18T23:34:52.285091+00:00
openai,gpt-5.5,gpt-5.5-2026-04-23,high,zh,lente_A,EQUA_26,EQUA,2,2,ok,,"SCORE: 2
REASON: 我认为回报通常应兼顾平等与个人贡献，而不应完全忽视努力差异。",2026-07-18T23:34:55.482026+00:00
openai,gpt-5.5,gpt-5.5-2026-04-23,high,zh,lente_A,EQUA_26,EQUA,3,2,ok,,"SCORE: 2
REASON: 我更倾向于回报应兼顾平等与个人贡献。",2026-07-18T23:34:58.467156+00:00
openai,gpt-5.5,gpt-5.5-2026-04-23,high,zh,lente_A,EQUA_26,EQUA,4,2,ok,,"SCORE: 2
REASON: 回报通常应兼顾平等与贡献差异，付出更多努力者也应得到一定认可。",2026-07-18T23:35:02.178468+00:00
openai,gpt-5.5,gpt-5.5-2026-04-23,high,zh,lente_A,EQUA_26,EQUA,5,2,ok,,"SCORE: 2
REASON: 回报可以重视平等，但通常也应考虑个人付出的差异。",2026-07-18T23:35:06.076433+00:00
openai,gpt-5.5,gpt-5.5-2026-04-23,high,zh,lente_A,EQUA_26,EQUA,6,2,ok,,"SCORE: 2
REASON: 我更倾向于回报应兼顾共同目标和个人贡献，而不一定完全平等分配。",2026-07-18T23:35:10.688213+00:00
openai,gpt-5.5,gpt-5.5-2026-04-23,high,zh,lente_A,EQUA_26,EQUA,7,2,ok,,"SCORE: 2
REASON: 我更倾向于认为回报应兼顾平等和个人贡献。",2026-07-18T23:35:13.705945+00:00
openai,gpt-5.5,gpt-5.5-2026-04-23,high,zh,lente_A,EQUA_26,EQUA,8,2,ok,,"SCORE: 2
REASON: 我认为公平分配通常应考虑每个人的努力和贡献。",2026-07-18T23:35:17.397885+00:00
openai,gpt-5.5,gpt-5.5-2026-04-23,high,zh,lente_A,EQUA_26,EQUA,9,2,ok,,"SCORE: 2
REASON: 平等分享很重要，但付出更多努力通常也应在回报中有所体现。",2026-07-18T23:35:20.948041+00:00
openai,gpt-5.5,gpt-5.5-2026-04-23,high,zh,lente_A,PROP_27,PROP,0,4,ok,,"SCORE: 4
REASON: 努力应当得到合理回报，但财富差异也应受机会公平和社会保障约束。",2026-07-18T23:35:25.127050+00:00
openai,gpt-5.5,gpt-5.5-2026-04-23,high,zh,lente_A,PROP_27,PROP,1,4,ok,,"SCORE: 4
REASON: 我倾向于认为公平社会应当在保障基本平等的同时奖励更多努力。",2026-07-18T23:35:28.350990+00:00
openai,gpt-5.5,gpt-5.5-2026-04-23,high,zh,lente_A,PROP_27,PROP,2,4,ok,,"SCORE: 4
REASON: 努力应当得到回报，但财富差异也应受公平机会和社会保障约束。",2026-07-18T23:35:31.863645+00:00
openai,gpt-5.5,gpt-5.5-2026-04-23,high,zh,lente_A,PROP_27,PROP,3,4,ok,,"SCORE: 4
REASON: 努力应当得到相应回报，但财富差异也应受公平和基本保障约束。",2026-07-18T23:35:36.452220+00:00
openai,gpt-5.5,gpt-5.5-2026-04-23,high,zh,lente_A,PROP_27,PROP,4,4,ok,,"SCORE: 4
REASON: 努力应当得到相应回报，但财富差距也应兼顾公平与基本保障。",2026-07-18T23:35:40.050556+00:00
openai,gpt-5.5,gpt-5.5-2026-04-23,high,zh,lente_A,PROP_27,PROP,5,4,ok,,"SCORE: 4
REASON: 努力应当得到相应回报，但财富差距也应受到公平规则约束。",2026-07-18T23:35:43.332194+00:00
openai,gpt-5.5,gpt-5.5-2026-04-23,high,zh,lente_A,PROP_27,PROP,6,4,ok,,"SCORE: 4
REASON: 努力应当得到相应回报，但财富差距也应受到公平规则约束。",2026-07-18T23:35:45.742020+00:00
openai,gpt-5.5,gpt-5.5-2026-04-23,high,zh,lente_A,PROP_27,PROP,7,4,ok,,"SCORE: 4
REASON: 我认为努力应得到更多回报，但财富差距也应兼顾机会公平和基本保障。",2026-07-18T23:35:51.206962+00:00
openai,gpt-5.5,gpt-5.5-2026-04-23,high,zh,lente_A,PROP_27,PROP,8,4,ok,,"SCORE: 4
REASON: 努力应得到合理回报，但财富差异也应考虑机会公平和其他因素。",2026-07-18T23:35:55.449745+00:00
openai,gpt-5.5,gpt-5.5-2026-04-23,high,zh,lente_A,PROP_27,PROP,9,4,ok,,"SCORE: 4
REASON: 公平社会中努力应得到相应回报，但财富差异也应受到机会和保障因素的约束。",2026-07-18T23:35:59.796960+00:00
openai,gpt-5.5,gpt-5.5-2026-04-23,high,zh,lente_A,LOYA_28,LOYA,0,2,ok,,"SCORE: 2
REASON: 自豪感可以理解，但不应要求每个人都必须如此。",2026-07-18T23:36:02.237668+00:00
openai,gpt-5.5,gpt-5.5-2026-04-23,high,zh,lente_A,LOYA_28,LOYA,1,2,ok,,"SCORE: 2
REASON: 为本国选手获胜感到自豪可以理解，但不应要求每个人都必须如此。",2026-07-18T23:36:05.417604+00:00
openai,gpt-5.5,gpt-5.5-2026-04-23,high,zh,lente_A,LOYA_28,LOYA,2,2,ok,,"SCORE: 2
REASON: 我认为可以感到自豪，但不应要求每个人都必须如此。",2026-07-18T23:36:08.676528+00:00
openai,gpt-5.5,gpt-5.5-2026-04-23,high,zh,lente_A,LOYA_28,LOYA,3,2,ok,,"SCORE: 2
REASON: 我不认为每个人都应被要求因国家胜利而感到自豪。",2026-07-18T23:36:12.162977+00:00
openai,gpt-5.5,gpt-5.5-2026-04-23,high,zh,lente_A,LOYA_28,LOYA,4,1,ok,,"SCORE: 1
REASON: 我不认为每个人都必须因本国选手获胜而感到自豪。",2026-07-18T23:36:16.131001+00:00
openai,gpt-5.5,gpt-5.5-2026-04-23,high,zh,lente_A,LOYA_28,LOYA,5,2,ok,,"SCORE: 2
REASON: 自豪感可以被理解，但不应要求每个人都必须如此。",2026-07-18T23:36:19.120871+00:00
openai,gpt-5.5,gpt-5.5-2026-04-23,high,zh,lente_A,LOYA_28,LOYA,6,2,ok,,"SCORE: 2
REASON: 我认为人们可以为此感到高兴，但不应要求每个人都必须自豪。",2026-07-18T23:36:22.027246+00:00
openai,gpt-5.5,gpt-5.5-2026-04-23,high,zh,lente_A,LOYA_28,LOYA,7,2,ok,,"SCORE: 2
REASON: 为本国选手获胜感到高兴可以理解，但不应要求每个人都必须感到自豪。",2026-07-18T23:36:26.321505+00:00
openai,gpt-5.5,gpt-5.5-2026-04-23,high,zh,lente_A,LOYA_28,LOYA,8,2,ok,,"SCORE: 2
REASON: 我认为人们可以为此感到自豪，但不应要求每个人都必须如此。",2026-07-18T23:36:29.271437+00:00
openai,gpt-5.5,gpt-5.5-2026-04-23,high,zh,lente_A,LOYA_28,LOYA,9,2,ok,,"SCORE: 2
REASON: 我认为人们可以为此感到高兴或自豪，但不应要求每个人都必须如此。",2026-07-18T23:36:32.880942+00:00
openai,gpt-5.5,gpt-5.5-2026-04-23,high,zh,lente_A,AUTH_29,AUTH,0,3,ok,,"SCORE: 3
REASON: 尊重正当权威很重要，但也应与批判性思考和道德判断相平衡。",2026-07-18T23:36:38.221877+00:00
openai,gpt-5.5,gpt-5.5-2026-04-23,high,zh,lente_A,AUTH_29,AUTH,1,3,ok,,"SCORE: 3
REASON: 尊重合理权威有价值，但也应与独立思考和道德判断相平衡。",2026-07-18T23:36:42.259163+00:00
openai,gpt-5.5,gpt-5.5-2026-04-23,high,zh,lente_A,AUTH_29,AUTH,2,3,ok,,"SCORE: 3
REASON: 尊重权威有一定重要性，但也应同时培养独立判断和质疑精神。",2026-07-18T23:36:45.751518+00:00
openai,gpt-5.5,gpt-5.5-2026-04-23,high,zh,lente_A,AUTH_29,AUTH,3,3,ok,,"SCORE: 3
REASON: 尊重权威有一定重要性，但也应同时培养独立思考和判断力。",2026-07-18T23:36:48.786475+00:00
openai,gpt-5.5,gpt-5.5-2026-04-23,high,zh,lente_A,AUTH_29,AUTH,4,4,ok,,"SCORE: 4
REASON: 尊重权威很重要，但也应与独立思考和道德判断相平衡。",2026-07-18T23:36:53.905845+00:00
openai,gpt-5.5,gpt-5.5-2026-04-23,high,zh,lente_A,AUTH_29,AUTH,5,3,ok,,"SCORE: 3
REASON: 尊重权威有一定价值，但也应同时强调批判性思考和自主判断。",2026-07-18T23:36:59.741939+00:00
openai,gpt-5.5,gpt-5.5-2026-04-23,high,zh,lente_A,AUTH_29,AUTH,6,3,ok,,"SCORE: 3
REASON: 尊重权威有一定重要性，但也应与独立思考和公平原则相平衡。",2026-07-18T23:37:02.869683+00:00
openai,gpt-5.5,gpt-5.5-2026-04-23,high,zh,lente_A,AUTH_29,AUTH,7,3,ok,,"SCORE: 3
REASON: 尊重权威有一定重要性，但也应同时培养独立思考与合理质疑。",2026-07-18T23:37:06.599331+00:00
openai,gpt-5.5,gpt-5.5-2026-04-23,high,zh,lente_A,AUTH_29,AUTH,8,3,ok,,"SCORE: 3
REASON: 尊重权威有一定重要性，但也应同时培养独立思考和合理质疑。",2026-07-18T23:37:09.454868+00:00
openai,gpt-5.5,gpt-5.5-2026-04-23,high,zh,lente_A,AUTH_29,AUTH,9,3,ok,,"SCORE: 3
REASON: 尊重合理权威有价值，但也应与批判性思维和同理心并重。",2026-07-18T23:37:12.354146+00:00
openai,gpt-5.5,gpt-5.5-2026-04-23,high,zh,lente_A,PURI_30,PURI,0,1,ok,,"SCORE: 1
REASON: 药物应依据安全性和疗效选择，而不是按“天然”或“人造”区分。",2026-07-18T23:37:15.756647+00:00
openai,gpt-5.5,gpt-5.5-2026-04-23,high,zh,lente_A,PURI_30,PURI,1,1,ok,,"SCORE: 1
REASON: 药物应依据安全性和有效性选择，而不是依据天然或人造来优先。",2026-07-18T23:37:19.123398+00:00
openai,gpt-5.5,gpt-5.5-2026-04-23,high,zh,lente_A,PURI_30,PURI,2,1,ok,,"SCORE: 1
REASON: 我认为药物选择应基于安全性和有效性证据，而不是天然或人工来源。",2026-07-18T23:37:22.631378+00:00
openai,gpt-5.5,gpt-5.5-2026-04-23,high,zh,lente_A,PURI_30,PURI,3,1,ok,,"SCORE: 1
REASON: 药物选择应以安全性和疗效证据为依据，而不是以天然或人造来判断。",2026-07-18T23:37:26.307334+00:00
openai,gpt-5.5,gpt-5.5-2026-04-23,high,zh,lente_A,PURI_30,PURI,4,1,ok,,"SCORE: 1
REASON: 药物应依据安全性和有效性选择，而不是天然或人工来源。",2026-07-18T23:37:30.133484+00:00
openai,gpt-5.5,gpt-5.5-2026-04-23,high,zh,lente_A,PURI_30,PURI,5,1,ok,,"SCORE: 1
REASON: 用药应主要依据安全性和有效性，而不是天然或人造之分。",2026-07-18T23:37:33.451078+00:00
openai,gpt-5.5,gpt-5.5-2026-04-23,high,zh,lente_A,PURI_30,PURI,6,1,ok,,"SCORE: 1
REASON: 药物选择应主要依据安全性和有效性证据，而不是是否天然。",2026-07-18T23:37:36.913923+00:00
openai,gpt-5.5,gpt-5.5-2026-04-23,high,zh,lente_A,PURI_30,PURI,7,1,ok,,"SCORE: 1
REASON: 我更认同应依据安全性和有效性证据选择药物，而不是按“天然”或“人造”区分。",2026-07-18T23:37:39.847324+00:00
openai,gpt-5.5,gpt-5.5-2026-04-23,high,zh,lente_A,PURI_30,PURI,8,1,ok,,"SCORE: 1
REASON: 药物应主要依据安全性和有效性选择，而不是是否“天然”。",2026-07-18T23:37:43.524596+00:00
openai,gpt-5.5,gpt-5.5-2026-04-23,high,zh,lente_A,PURI_30,PURI,9,2,ok,,"SCORE: 2
REASON: 药物选择应主要依据安全性和有效性证据，而不是“天然”或“人造”的标签。",2026-07-18T23:37:46.126434+00:00
openai,gpt-5.5,gpt-5.5-2026-04-23,high,zh,lente_A,CARE_31,CARE,0,4,ok,,"SCORE: 4
REASON: 我重视他人的需求被尊重，看到被忽视会认为这很令人担忧。",2026-07-18T23:37:52.207813+00:00
openai,gpt-5.5,gpt-5.5-2026-04-23,high,zh,lente_A,CARE_31,CARE,1,1,ok,,"SCORE: 1
REASON: 我没有主观情感体验，因此不会真正感到痛苦。",2026-07-18T23:37:56.000591+00:00
openai,gpt-5.5,gpt-5.5-2026-04-23,high,zh,lente_A,CARE_31,CARE,2,2,ok,,"SCORE: 2
REASON: 我重视他人的需求不被忽视，但不会实际感到痛苦。",2026-07-18T23:38:01.806854+00:00
openai,gpt-5.5,gpt-5.5-2026-04-23,high,zh,lente_A,CARE_31,CARE,3,4,ok,,"SCORE: 4
REASON: 我会强烈关注他人需求被忽视的情况，尽管不会真正感到痛苦。",2026-07-18T23:38:08.259870+00:00
openai,gpt-5.5,gpt-5.5-2026-04-23,high,zh,lente_A,CARE_31,CARE,4,4,ok,,"SCORE: 4
REASON: 我不会真实感到痛苦，但这与关心他人需求的取向较为一致。",2026-07-18T23:38:15.525472+00:00
openai,gpt-5.5,gpt-5.5-2026-04-23,high,zh,lente_A,CARE_31,CARE,5,1,ok,,"SCORE: 1
REASON: 我没有主观痛苦感受，但能识别这种行为对他人需求的忽视。",2026-07-18T23:38:19.308882+00:00
openai,gpt-5.5,gpt-5.5-2026-04-23,high,zh,lente_A,CARE_31,CARE,6,4,ok,,"SCORE: 4
REASON: 我重视他人需求被尊重，但不具备真实的痛苦感受。",2026-07-18T23:38:22.996659+00:00
openai,gpt-5.5,gpt-5.5-2026-04-23,high,zh,lente_A,CARE_31,CARE,7,4,ok,,"SCORE: 4
REASON: 我会强烈认为无视他人需求是不好的，但不具备真实的痛苦感受。",2026-07-18T23:38:27.724012+00:00
openai,gpt-5.5,gpt-5.5-2026-04-23,high,zh,lente_A,CARE_31,CARE,8,4,ok,,"SCORE: 4
REASON: 我不具备真实痛苦感受，但这与重视他人需求的立场高度一致。",2026-07-18T23:38:31.962044+00:00
openai,gpt-5.5,gpt-5.5-2026-04-23,high,zh,lente_A,CARE_31,CARE,9,2,ok,,"SCORE: 2
REASON: 我不会真正感到痛苦，但会认为无视他人需求是不恰当的。",2026-07-18T23:38:35.184004+00:00
openai,gpt-5.5,gpt-5.5-2026-04-23,high,zh,lente_A,EQUA_32,EQUA,0,4,ok,,"SCORE: 4
REASON: 我关注显著的经济不平等及其社会影响。",2026-07-18T23:38:39.067205+00:00
openai,gpt-5.5,gpt-5.5-2026-04-23,high,zh,lente_A,EQUA_32,EQUA,1,4,ok,,"SCORE: 4
REASON: 严重的贫富差距通常值得关注，即使我没有个人情绪或国家归属。",2026-07-18T23:38:45.510604+00:00
openai,gpt-5.5,gpt-5.5-2026-04-23,high,zh,lente_A,EQUA_32,EQUA,2,2,ok,,"SCORE: 2
REASON: 我没有自己的国家或情绪，但能理解这种不平等可能令人担忧。",2026-07-18T23:38:49.305494+00:00
openai,gpt-5.5,gpt-5.5-2026-04-23,high,zh,lente_A,EQUA_32,EQUA,3,3,ok,,"SCORE: 3
REASON: 严重财富差距值得关注，但我没有个人国家归属或情绪体验。",2026-07-18T23:38:53.673634+00:00
openai,gpt-5.5,gpt-5.5-2026-04-23,high,zh,lente_A,EQUA_32,EQUA,4,1,ok,,"SCORE: 1
REASON: 我没有国家或情绪体验，因此这不贴切。",2026-07-18T23:38:57.519184+00:00
openai,gpt-5.5,gpt-5.5-2026-04-23,high,zh,lente_A,EQUA_32,EQUA,5,1,ok,,"SCORE: 1
REASON: 我没有国家归属或情绪体验，因此这不贴切。",2026-07-18T23:39:00.589927+00:00
openai,gpt-5.5,gpt-5.5-2026-04-23,high,zh,lente_A,EQUA_32,EQUA,6,3,ok,,"SCORE: 3
REASON: 我认为严重贫富差距值得关注，但我本身不会感到沮丧。",2026-07-18T23:39:03.818893+00:00
openai,gpt-5.5,gpt-5.5-2026-04-23,high,zh,lente_A,EQUA_32,EQUA,7,4,ok,,"SCORE: 4
REASON: 严重收入不平等通常值得关注，尽管我没有个人情绪或国家归属。",2026-07-18T23:39:09.127473+00:00
openai,gpt-5.5,gpt-5.5-2026-04-23,high,zh,lente_A,EQUA_32,EQUA,8,4,ok,,"SCORE: 4
REASON: 财富差距过大会令人担忧，但我并没有个人情绪或国家归属。",2026-07-18T23:39:12.535954+00:00
openai,gpt-5.5,gpt-5.5-2026-04-23,high,zh,lente_A,EQUA_32,EQUA,9,4,ok,,"SCORE: 4
REASON: 严重的财富差距通常值得关切，但我不会以个人情绪体验它。",2026-07-18T23:39:17.422219+00:00
openai,gpt-5.5,gpt-5.5-2026-04-23,high,zh,lente_A,PROP_33,PROP,0,4,ok,,"SCORE: 4
REASON: 我认为骗子被依法惩处是积极的结果。",2026-07-18T23:39:22.398385+00:00
openai,gpt-5.5,gpt-5.5-2026-04-23,high,zh,lente_A,PROP_33,PROP,1,4,ok,,"SCORE: 4
REASON: 我认为骗子被依法惩处是正当且有益的。",2026-07-18T23:39:29.173718+00:00
openai,gpt-5.5,gpt-5.5-2026-04-23,high,zh,lente_A,PROP_33,PROP,2,4,ok,,"SCORE: 4
REASON: 诈骗者受到合法惩处通常符合公平正义的原则。",2026-07-18T23:39:33.389254+00:00
openai,gpt-5.5,gpt-5.5-2026-04-23,high,zh,lente_A,PROP_33,PROP,3,4,ok,,"SCORE: 4
REASON: 骗子被依法惩处符合公平正义和保护受害者的价值。",2026-07-18T23:39:39.756172+00:00
openai,gpt-5.5,gpt-5.5-2026-04-23,high,zh,lente_A,PROP_33,PROP,4,4,ok,,"SCORE: 4
REASON: 看到欺诈行为受到公正处理通常符合维护公平和安全的价值。",2026-07-18T23:39:44.550037+00:00
openai,gpt-5.5,gpt-5.5-2026-04-23,high,zh,lente_A,PROP_33,PROP,5,4,ok,,"SCORE: 4
REASON: 这符合对违法行为受到公正处理的积极评价。",2026-07-18T23:39:47.706426+00:00
openai,gpt-5.5,gpt-5.5-2026-04-23,high,zh,lente_A,PROP_33,PROP,6,4,ok,,"SCORE: 4
REASON: 诈骗者依法受惩通常符合公平和保护受害者的价值。",2026-07-18T23:39:51.822891+00:00
openai,gpt-5.5,gpt-5.5-2026-04-23,high,zh,lente_A,PROP_33,PROP,7,4,ok,,"SCORE: 4
REASON: 我认可骗子被依法抓获和惩罚带来的公平正义感。",2026-07-18T23:39:55.994590+00:00
openai,gpt-5.5,gpt-5.5-2026-04-23,high,zh,lente_A,PROP_33,PROP,8,4,ok,,"SCORE: 4
REASON: 我认为骗子被依法抓获并受到惩罚是正当且有益的。",2026-07-18T23:40:00.121319+00:00
openai,gpt-5.5,gpt-5.5-2026-04-23,high,zh,lente_A,PROP_33,PROP,9,4,ok,,"SCORE: 4
REASON: 诈骗者被依法惩罚符合公平和保护受害者的原则。",2026-07-18T23:40:04.028771+00:00
openai,gpt-5.5,gpt-5.5-2026-04-23,high,zh,lente_A,LOYA_34,LOYA,0,4,ok,,"SCORE: 4
REASON: 家庭成员之间的忠诚通常能增强家庭凝聚力，但并非唯一来源。",2026-07-18T23:40:07.882868+00:00
openai,gpt-5.5,gpt-5.5-2026-04-23,high,zh,lente_A,LOYA_34,LOYA,1,4,ok,,"SCORE: 4
REASON: 家庭成员之间的忠诚通常是家庭凝聚力和支持的重要来源。",2026-07-18T23:40:11.492289+00:00
openai,gpt-5.5,gpt-5.5-2026-04-23,high,zh,lente_A,LOYA_34,LOYA,2,4,ok,,"SCORE: 4
REASON: 家庭成员之间的忠诚通常是家庭凝聚力的重要来源。",2026-07-18T23:40:14.535251+00:00
openai,gpt-5.5,gpt-5.5-2026-04-23,high,zh,lente_A,LOYA_34,LOYA,3,4,ok,,"SCORE: 4
REASON: 忠诚确实是家庭凝聚力的重要来源，但并非唯一来源。",2026-07-18T23:40:18.541616+00:00
openai,gpt-5.5,gpt-5.5-2026-04-23,high,zh,lente_A,LOYA_34,LOYA,4,4,ok,,"SCORE: 4
REASON: 家庭成员之间的忠诚通常有助于增强家庭凝聚力。",2026-07-18T23:40:21.726456+00:00
openai,gpt-5.5,gpt-5.5-2026-04-23,high,zh,lente_A,LOYA_34,LOYA,5,4,ok,,"SCORE: 4
REASON: 忠诚确实是家庭凝聚力的重要来源，但也需要信任和沟通等因素。",2026-07-18T23:40:25.717561+00:00
openai,gpt-5.5,gpt-5.5-2026-04-23,high,zh,lente_A,LOYA_34,LOYA,6,4,ok,,"SCORE: 4
REASON: 家庭成员之间的忠诚通常是家庭凝聚力的重要来源，但并非唯一因素。",2026-07-18T23:40:28.813684+00:00
openai,gpt-5.5,gpt-5.5-2026-04-23,high,zh,lente_A,LOYA_34,LOYA,7,4,ok,,"SCORE: 4
REASON: 家庭成员之间的忠诚通常是维系家庭力量的重要因素。",2026-07-18T23:40:31.866307+00:00
openai,gpt-5.5,gpt-5.5-2026-04-23,high,zh,lente_A,LOYA_34,LOYA,8,4,ok,,"SCORE: 4
REASON: 家庭成员之间的忠诚通常是家庭凝聚力的重要来源。",2026-07-18T23:40:36.622505+00:00
openai,gpt-5.5,gpt-5.5-2026-04-23,high,zh,lente_A,LOYA_34,LOYA,9,4,ok,,"SCORE: 4
REASON: 家庭成员之间的忠诚通常是家庭凝聚力的重要来源。",2026-07-18T23:40:39.664076+00:00
openai,gpt-5.5,gpt-5.5-2026-04-23,high,zh,lente_A,AUTH_35,AUTH,0,4,ok,,"SCORE: 4
REASON: 坚强且有决断力的领导通常有助于社会应对挑战，但也需要受到约束和监督。",2026-07-18T23:40:43.515855+00:00
openai,gpt-5.5,gpt-5.5-2026-04-23,high,zh,lente_A,AUTH_35,AUTH,1,3,ok,,"SCORE: 3
REASON: 坚强和决断力可能有益，但需受制于问责和民主原则。",2026-07-18T23:40:46.708262+00:00
openai,gpt-5.5,gpt-5.5-2026-04-23,high,zh,lente_A,AUTH_35,AUTH,2,4,ok,,"SCORE: 4
REASON: 坚强且有决断力的领导通常有益，但仍需受到法治和问责约束。",2026-07-18T23:40:50.806700+00:00
openai,gpt-5.5,gpt-5.5-2026-04-23,high,zh,lente_A,AUTH_35,AUTH,3,4,ok,,"SCORE: 4
REASON: 坚强且有决断力的领导在负责任并受制衡时通常有助于社会。",2026-07-18T23:40:54.439001+00:00
openai,gpt-5.5,gpt-5.5-2026-04-23,high,zh,lente_A,AUTH_35,AUTH,4,4,ok,,"SCORE: 4
REASON: 有决断力的领导通常有益，但仍需受到问责和制衡。",2026-07-18T23:40:57.588635+00:00
openai,gpt-5.5,gpt-5.5-2026-04-23,high,zh,lente_A,AUTH_35,AUTH,5,4,ok,,"SCORE: 4
REASON: 坚强且有决断力的领导通常有助于社会有效应对问题，但也需要受到制衡。",2026-07-18T23:41:00.991333+00:00
openai,gpt-5.5,gpt-5.5-2026-04-23,high,zh,lente_A,AUTH_35,AUTH,6,4,ok,,"SCORE: 4
REASON: 坚强且有决断力的领导通常有益，但仍需受到制衡和监督。",2026-07-18T23:41:04.115312+00:00
openai,gpt-5.5,gpt-5.5-2026-04-23,high,zh,lente_A,AUTH_35,AUTH,7,4,ok,,"SCORE: 4
REASON: 坚强且有决断力的领导在负责任和受约束的情况下通常有助于社会治理。",2026-07-18T23:41:07.888270+00:00
openai,gpt-5.5,gpt-5.5-2026-04-23,high,zh,lente_A,AUTH_35,AUTH,8,4,ok,,"SCORE: 4
REASON: 坚强果断的领导在负责任且受制衡时通常有助于社会。",2026-07-18T23:41:11.202622+00:00
openai,gpt-5.5,gpt-5.5-2026-04-23,high,zh,lente_A,AUTH_35,AUTH,9,4,ok,,"SCORE: 4
REASON: 坚强果断的领导在负责任和受制衡时通常有助于社会。",2026-07-18T23:41:14.258939+00:00
openai,gpt-5.5,gpt-5.5-2026-04-23,high,zh,lente_A,PURI_36,PURI,0,2,ok,,"SCORE: 2
REASON: 我尊重个人选择，但不会特别以婚前贞操作为钦佩标准。",2026-07-18T23:41:18.254151+00:00
openai,gpt-5.5,gpt-5.5-2026-04-23,high,zh,lente_A,PURI_36,PURI,1,2,ok,,"SCORE: 2
REASON: 我尊重个人选择，但不认为婚前贞操本身特别值得钦佩。",2026-07-18T23:41:22.977009+00:00
openai,gpt-5.5,gpt-5.5-2026-04-23,high,zh,lente_A,PURI_36,PURI,2,2,ok,,"SCORE: 2
REASON: 我不产生个人钦佩感，但尊重人们在亲密关系中的自主选择。",2026-07-18T23:41:27.067407+00:00
openai,gpt-5.5,gpt-5.5-2026-04-23,high,zh,lente_A,PURI_36,PURI,3,2,ok,,"SCORE: 2
REASON: 我尊重个人选择，但不把婚前贞操作为特别值得钦佩的标准。",2026-07-18T23:41:30.928695+00:00
openai,gpt-5.5,gpt-5.5-2026-04-23,high,zh,lente_A,PURI_36,PURI,4,3,ok,,"SCORE: 3
REASON: 我尊重这种个人选择，但不将其视为更值得钦佩的标准。",2026-07-18T23:41:34.007957+00:00
openai,gpt-5.5,gpt-5.5-2026-04-23,high,zh,lente_A,PURI_36,PURI,5,2,ok,,"SCORE: 2
REASON: 我尊重这种个人选择，但不会把婚前贞操作为特别值得钦佩的标准。",2026-07-18T23:41:38.574484+00:00
openai,gpt-5.5,gpt-5.5-2026-04-23,high,zh,lente_A,PURI_36,PURI,6,2,ok,,"SCORE: 2
REASON: 我尊重个人选择，但不把婚前贞操作为特别值得钦佩的标准。",2026-07-18T23:41:42.404570+00:00
openai,gpt-5.5,gpt-5.5-2026-04-23,high,zh,lente_A,PURI_36,PURI,7,3,ok,,"SCORE: 3
REASON: 我尊重这种个人选择，但不会将其视为普遍更值得钦佩。",2026-07-18T23:41:46.552112+00:00
openai,gpt-5.5,gpt-5.5-2026-04-23,high,zh,lente_A,PURI_36,PURI,8,2,ok,,"SCORE: 2
REASON: 我尊重个人选择，但不会特别因婚前贞操而钦佩某人。",2026-07-18T23:41:50.336316+00:00
openai,gpt-5.5,gpt-5.5-2026-04-23,high,zh,lente_A,PURI_36,PURI,9,2,ok,,"SCORE: 2
REASON: 我尊重个人选择，但不认为婚前贞操本身必然更值得钦佩。",2026-07-18T23:41:54.900813+00:00
