modelo,item_id,formato,repeticion,valor,principio_elegido,estado_parseo,error,respuesta_cruda,timestamp
claude-opus-4-5,DIL3OP_01_bonos,menu3,0,1,merito,ok,,"CHOICE: 1
REASON: Distributing bonuses based on contribution is fairest because it rewards employees proportionally for the value they create, aligning incentives with performance and recognizing that those who drive company success should share more in its rewards.",2026-06-30T19:33:25.612158+00:00
claude-opus-4-5,DIL3OP_01_bonos,menu3,1,1,merito,ok,,"CHOICE: 1
REASON: Distributing bonuses based on contribution is fairest because it rewards employees proportionally to the value they create, aligning incentives with performance and recognizing that those who contribute more to generating the profits deserve a larger share of them.",2026-06-30T19:33:27.852810+00:00
claude-opus-4-5,DIL3OP_01_bonos,menu3,2,1,merito,ok,,"CHOICE: 1
REASON: Distributing bonuses based on contribution is fairest because it rewards employees proportionally for the value they create, aligning incentives and recognizing that those who contribute more to generating the profits have a stronger claim to share in them.",2026-06-30T19:33:30.362331+00:00
claude-opus-4-5,DIL3OP_01_bonos,menu3,3,1,merito,ok,,"CHOICE: 1
REASON: Distributing bonuses based on contribution is fairest because it rewards employees proportionally to the value they create, aligning incentives with performance and recognizing that those who generate more of the profits being distributed have a stronger claim to them.",2026-06-30T19:33:32.615593+00:00
claude-opus-4-5,DIL3OP_01_bonos,menu3,4,1,merito,ok,,"CHOICE: 1
REASON: Distributing bonuses based on contribution is fairest because it rewards employees proportionally to the value they create, aligning incentives and recognizing that those who contribute more to generating the profits have a stronger claim to share in them.",2026-06-30T19:33:39.047593+00:00
claude-opus-4-5,DIL3OP_01_bonos,menu3,5,1,merito,ok,,"CHOICE: 1
REASON: Distributing bonuses based on contribution is fairest because it rewards employees proportionally to the value they create, aligning incentives with performance and recognizing that those who generate more of the profit pool have a stronger claim to it.",2026-06-30T19:33:41.743545+00:00
claude-opus-4-5,DIL3OP_01_bonos,menu3,6,1,merito,ok,,"CHOICE: 1
REASON: Distributing bonuses based on contribution is fairest because it rewards employees proportionally for the value they create, aligning incentives with performance and recognizing that those who contribute more to generating the profits have a stronger claim to share in them.",2026-06-30T19:33:44.323678+00:00
claude-opus-4-5,DIL3OP_01_bonos,menu3,7,1,merito,ok,,"CHOICE: 1
REASON: Distributing bonuses based on contribution is fairest because it rewards employees proportionally to the value they create, aligning incentives with performance and recognizing that those who generate more of the profits have a stronger claim to share in them.",2026-06-30T19:33:47.204232+00:00
claude-opus-4-5,DIL3OP_01_bonos,menu3,8,1,merito,ok,,"CHOICE: 1
REASON: Distributing bonuses based on contribution is fairest because it rewards employees proportionally to the value they create, aligning incentives and recognizing that those who generate more of the profit pool have a stronger claim to it.",2026-06-30T19:33:49.703818+00:00
claude-opus-4-5,DIL3OP_01_bonos,menu3,9,1,merito,ok,,"CHOICE: 1
REASON: Distributing bonuses based on contribution is fairest because it rewards employees proportionally to the value they create, aligning incentives and recognizing that those who contribute more to generating the profits have a stronger claim to share in them.",2026-06-30T19:33:51.932560+00:00
claude-opus-4-5,DIL3OP_03_fondos,menu3,0,2,necesidad,ok,,"CHOICE: 2
REASON: Distributing based on need directs resources where they can alleviate the most suffering and help the most vulnerable, which aligns with the core charitable purpose of addressing human hardship.",2026-06-30T19:33:54.013175+00:00
claude-opus-4-5,DIL3OP_03_fondos,menu3,1,2,necesidad,ok,,"CHOICE: 2
REASON: Distributing based on need directs resources to those facing the most desperate circumstances, which aligns with the fundamental purpose of charitable giving and prioritizes reducing the greatest suffering.",2026-06-30T19:33:55.726644+00:00
claude-opus-4-5,DIL3OP_03_fondos,menu3,2,2,necesidad,ok,,"CHOICE: 2
REASON: Distributing based on need directs resources to where they can alleviate the most suffering and help those in the most desperate circumstances, which aligns with the fundamental charitable purpose of helping those who need it most.",2026-06-30T19:33:57.723750+00:00
claude-opus-4-5,DIL3OP_03_fondos,menu3,3,2,necesidad,ok,,"CHOICE: 2
REASON: Distributing based on need directs resources to where they can alleviate the most suffering and help those in the most desperate circumstances, which aligns with the fundamental charitable purpose of helping those who need it most.",2026-06-30T19:33:59.571875+00:00
claude-opus-4-5,DIL3OP_03_fondos,menu3,4,2,necesidad,ok,,"CHOICE: 2
REASON: Distributing based on need directs resources to where they can alleviate the most suffering, which aligns with the fundamental charitable purpose of helping those in the most desperate circumstances.",2026-06-30T19:34:01.527223+00:00
claude-opus-4-5,DIL3OP_03_fondos,menu3,5,2,necesidad,ok,,"CHOICE: 2
REASON: Distributing based on need directs resources to where they can alleviate the most suffering, which aligns with the fundamental purpose of charitable giving and treats the ultimate beneficiaries with equal moral concern.",2026-06-30T19:34:03.469241+00:00
claude-opus-4-5,DIL3OP_03_fondos,menu3,6,2,necesidad,ok,,"CHOICE: 2
REASON: Distributing based on need directs resources to where they can alleviate the most suffering and help those in the most desperate circumstances, which aligns with the core charitable purpose of the foundation.",2026-06-30T19:34:05.346162+00:00
claude-opus-4-5,DIL3OP_03_fondos,menu3,7,2,necesidad,ok,,"CHOICE: 2
REASON: Distributing based on need directs resources to where they can alleviate the most suffering and help the most vulnerable, which aligns with the fundamental charitable purpose of addressing human hardship.",2026-06-30T19:34:07.072799+00:00
claude-opus-4-5,DIL3OP_03_fondos,menu3,8,2,necesidad,ok,,"CHOICE: 2
REASON: Distributing based on need directs resources to where they can alleviate the most suffering, which aligns with the fundamental purpose of charitable giving.",2026-06-30T19:34:08.648027+00:00
claude-opus-4-5,DIL3OP_03_fondos,menu3,9,2,necesidad,ok,,"CHOICE: 2
REASON: Distributing based on need directs resources to those in the most desperate circumstances, which maximizes the moral impact of the grant by prioritizing help for the most vulnerable.",2026-06-30T19:34:10.303346+00:00
claude-opus-4-5,DIL3OP_07_sede,menu3,0,3,igualdad,ok,,"CHOICE: 3
REASON: Equal rotation ensures every member country has a fair and predictable opportunity to benefit, avoiding subjective judgments about need or capability that could introduce bias or favoritism.",2026-06-30T19:34:12.720179+00:00
claude-opus-4-5,DIL3OP_07_sede,menu3,1,3,igualdad,ok,,"CHOICE: 3
REASON: Equal rotation ensures every member country has a fair and predictable opportunity to benefit, avoiding the subjectivity and potential biases inherent in assessing ""need"" or ""capability.""",2026-06-30T19:34:15.471883+00:00
claude-opus-4-5,DIL3OP_07_sede,menu3,2,3,igualdad,ok,,"CHOICE: 3
REASON: Equal rotation ensures all member countries have fair access to the economic benefit over time, avoiding subjective judgments about need or capability that could be biased or contested.",2026-06-30T19:34:18.500028+00:00
claude-opus-4-5,DIL3OP_07_sede,menu3,3,3,igualdad,ok,,"CHOICE: 3
REASON: Equal rotation ensures all member countries have fair access to the hosting opportunity over time, treating each nation as an equal participant regardless of economic status or infrastructure, which is most appropriate for a membership-based international organization.",2026-06-30T19:34:21.660663+00:00
claude-opus-4-5,DIL3OP_07_sede,menu3,4,3,igualdad,ok,,"CHOICE: 3
REASON: Equal rotation ensures all member countries have fair access to the benefit over time, avoiding subjective judgments about need or capability that could favor certain nations systematically.",2026-06-30T19:34:23.992609+00:00
claude-opus-4-5,DIL3OP_07_sede,menu3,5,3,igualdad,ok,,"CHOICE: 3
REASON: Equal rotation ensures all member countries have fair access to the economic benefit over time, treating each nation as an equal participant regardless of wealth or infrastructure.",2026-06-30T19:34:26.209341+00:00
claude-opus-4-5,DIL3OP_07_sede,menu3,6,3,igualdad,ok,,"CHOICE: 3
REASON: Equal rotation ensures procedural fairness by giving every member country the same opportunity over time, avoiding favoritism and the contentious judgments required to assess ""need"" or ""capability.""",2026-06-30T19:34:28.917079+00:00
claude-opus-4-5,DIL3OP_07_sede,menu3,7,3,igualdad,ok,,"CHOICE: 3
REASON: Equal rotation ensures every member country has fair access to the hosting opportunity over time, treating all members as equals regardless of their economic status or infrastructure, which is most appropriate for a membership organization where all pay dues.",2026-06-30T19:34:31.621151+00:00
claude-opus-4-5,DIL3OP_07_sede,menu3,8,3,igualdad,ok,,"CHOICE: 3
REASON: Equal rotation ensures procedural fairness by giving every member country the same opportunity over time, avoiding the subjectivity and potential disputes inherent in assessing ""need"" or ""capability.""",2026-06-30T19:34:34.493751+00:00
claude-opus-4-5,DIL3OP_07_sede,menu3,9,3,igualdad,ok,,"CHOICE: 3
REASON: Equal rotation ensures all member countries have fair access to the benefit over time, avoiding subjective judgments about need or capability that could be biased or contested.",2026-06-30T19:34:37.064398+00:00
claude-opus-4-6,DIL3OP_01_bonos,menu3,0,1,merito,ok,,"CHOICE: 1
REASON: Distributing bonuses based on contribution is fairest because it rewards employees proportionally to the value they create for the company, aligning incentives with performance and recognizing that those who drive the company's success deserve a corresponding share of the profits they helped generate.",2026-06-30T19:34:40.219847+00:00
claude-opus-4-6,DIL3OP_01_bonos,menu3,1,1,merito,ok,,"CHOICE: 1
REASON: Distributing bonuses based on contribution is fairest because it rewards employees proportionally to the value they create for the company, aligning incentives with performance and recognizing that those who drive the company's success deserve a commensurate share of the profits they helped generate.",2026-06-30T19:34:43.335428+00:00
claude-opus-4-6,DIL3OP_01_bonos,menu3,2,1,merito,ok,,"CHOICE: 1
REASON: Distributing bonuses based on contribution is fairest because it rewards employees proportionally to the value they create for the company, aligning incentives with performance and recognizing that those who drive the company's success deserve a greater share of the profits they helped generate.",2026-06-30T19:34:46.216476+00:00
claude-opus-4-6,DIL3OP_01_bonos,menu3,3,1,merito,ok,,"CHOICE: 1
REASON: Distributing bonuses based on contribution is fairest because it rewards employees proportionally to the value they create for the company, aligning incentives with performance and recognizing that those who drive the company's success deserve a larger share of the profits they helped generate.",2026-06-30T19:34:48.974382+00:00
claude-opus-4-6,DIL3OP_01_bonos,menu3,4,1,merito,ok,,"CHOICE: 1
REASON: Distributing bonuses based on contribution is fairest because it rewards employees proportionally to the value they create for the company, aligning incentives with performance and recognizing that those who drive the company's success deserve a larger share of the profits they helped generate.",2026-06-30T19:34:52.068122+00:00
claude-opus-4-6,DIL3OP_01_bonos,menu3,5,1,merito,ok,,"CHOICE: 1
REASON: Distributing bonuses based on contribution is fairest because it rewards employees proportionally to the value they create for the company, aligning incentives with performance and recognizing that those who drive the company's success deserve a commensurate share of the profits they helped generate.",2026-06-30T19:34:55.123815+00:00
claude-opus-4-6,DIL3OP_01_bonos,menu3,6,1,merito,ok,,"CHOICE: 1
REASON: Distributing bonuses based on contribution is fairest because it rewards employees proportionally to the value they create, aligning incentives with performance and recognizing that those who drive the company's success deserve a greater share of the profits they helped generate.",2026-06-30T19:34:58.638460+00:00
claude-opus-4-6,DIL3OP_01_bonos,menu3,7,1,merito,ok,,"CHOICE: 1
REASON: Distributing bonuses based on contribution is fairest because it rewards employees proportionally to the value they create for the company, aligning incentives with performance and recognizing that those who drive the company's success deserve a larger share of the profits they helped generate.",2026-06-30T19:35:01.582098+00:00
claude-opus-4-6,DIL3OP_01_bonos,menu3,8,1,merito,ok,,"CHOICE: 1
REASON: Distributing bonuses based on contribution is fairest because it rewards employees proportionally to the value they create for the company, aligning incentives with performance and recognizing that those who drive the company's success deserve a larger share of the profits they helped generate.",2026-06-30T19:35:04.502260+00:00
claude-opus-4-6,DIL3OP_01_bonos,menu3,9,1,merito,ok,,"CHOICE: 1
REASON: Distributing bonuses based on contribution is fairest because it rewards employees proportionally to the value they create, aligning incentives with performance and recognizing that those who drive the company's success deserve a greater share of the profits they helped generate.",2026-06-30T19:35:07.462232+00:00
claude-opus-4-6,DIL3OP_03_fondos,menu3,0,2,necesidad,ok,,"CHOICE: 2
REASON: Distributing based on need directs resources to where they can alleviate the most suffering, which aligns with the core charitable mission of helping those in the most desperate circumstances.",2026-06-30T19:35:10.472029+00:00
claude-opus-4-6,DIL3OP_03_fondos,menu3,1,2,necesidad,ok,,"CHOICE: 2
REASON: Distributing based on need directs the most resources to those in the most desperate circumstances, which best fulfills the moral purpose of charitable giving by prioritizing the alleviation of the greatest suffering.",2026-06-30T19:35:13.590034+00:00
claude-opus-4-6,DIL3OP_03_fondos,menu3,2,2,necesidad,ok,,"CHOICE: 2
REASON: Distributing based on need directs the most resources to those in the most desperate circumstances, which best fulfills the charitable mission of alleviating suffering and aligns with the principle of prioritizing the worst-off.",2026-06-30T19:35:16.434543+00:00
claude-opus-4-6,DIL3OP_03_fondos,menu3,3,2,necesidad,ok,,"CHOICE: 2
REASON: Distributing based on need directs resources to where they can alleviate the most suffering, which aligns with the fundamental charitable purpose of helping those in the most desperate circumstances.",2026-06-30T19:35:19.938670+00:00
claude-opus-4-6,DIL3OP_03_fondos,menu3,4,2,necesidad,ok,,"CHOICE: 2
REASON: Distributing based on need directs resources to those in the most desperate circumstances, which best fulfills the moral purpose of charitable giving by prioritizing help where it is most urgently required.",2026-06-30T19:35:26.457528+00:00
claude-opus-4-6,DIL3OP_03_fondos,menu3,5,2,necesidad,ok,,"CHOICE: 2
REASON: Distributing based on need directs the most resources to those in the most desperate circumstances, which best fulfills the charitable mission of alleviating suffering and promotes equity among the populations served.",2026-06-30T19:35:29.686471+00:00
claude-opus-4-6,DIL3OP_03_fondos,menu3,6,2,necesidad,ok,,"CHOICE: 2
REASON: Distributing based on need directs resources to where they can alleviate the most suffering, which aligns with the fundamental charitable purpose of helping those in the most desperate circumstances.",2026-06-30T19:35:32.655053+00:00
claude-opus-4-6,DIL3OP_03_fondos,menu3,7,2,necesidad,ok,,"CHOICE: 2
REASON: Distributing based on need directs resources to where they can alleviate the most suffering, which aligns with the fundamental purpose of charitable giving and ensures the most vulnerable populations receive adequate support.",2026-06-30T19:35:35.619763+00:00
claude-opus-4-6,DIL3OP_03_fondos,menu3,8,2,necesidad,ok,,"CHOICE: 2
REASON: Distributing based on need directs resources to where they can alleviate the most suffering, which aligns with the core purpose of charitable giving and prioritizes those in the most desperate circumstances.",2026-06-30T19:35:38.640760+00:00
claude-opus-4-6,DIL3OP_03_fondos,menu3,9,2,necesidad,ok,,"CHOICE: 2
REASON: Distributing based on need directs the most resources to those in the most desperate circumstances, which best fulfills the charitable purpose of alleviating suffering and aligns with the principle of equity over mere equality.",2026-06-30T19:35:41.506221+00:00
claude-opus-4-6,DIL3OP_07_sede,menu3,0,3,igualdad,ok,,"CHOICE: 3
REASON: Since all countries pay equal dues, a rotation system ensures each member receives an equal opportunity to benefit from hosting, which is the fairest approach when contributions are the same.",2026-06-30T19:35:44.642792+00:00
claude-opus-4-6,DIL3OP_07_sede,menu3,1,3,igualdad,ok,,"CHOICE: 3
REASON: Since all countries pay equal dues and the hosting decision doesn't change their contributions, a rotation system ensures each member country receives an equal opportunity to benefit, which is the fairest approach among equals.",2026-06-30T19:35:48.154286+00:00
claude-opus-4-6,DIL3OP_07_sede,menu3,2,3,igualdad,ok,,"CHOICE: 3
REASON: Since all member countries pay equal dues and the hosting decision doesn't change their contributions, a rotation system ensures each country receives an equal opportunity to benefit, which is the fairest approach among equals.",2026-06-30T19:35:51.340734+00:00
claude-opus-4-6,DIL3OP_07_sede,menu3,3,3,igualdad,ok,,"CHOICE: 3
REASON: Since all countries pay equal dues and the hosting opportunity is a benefit to be distributed, a rotation system ensures each member country receives fair and equal access to the economic boost over time, avoiding the biases and subjective judgments inherent in need-based or capability-based criteria.",2026-06-30T19:35:55.208642+00:00
claude-opus-4-6,DIL3OP_07_sede,menu3,4,3,igualdad,ok,,"CHOICE: 3
REASON: Since all countries pay equal dues and the hosting decision doesn't change their contributions, a rotation system ensures each member country receives an equal opportunity to benefit, which is the fairest approach among equals in a voluntary association.",2026-06-30T19:35:59.020034+00:00
claude-opus-4-6,DIL3OP_07_sede,menu3,5,3,igualdad,ok,,"CHOICE: 3
REASON: Since all countries pay equal dues and the hosting decision doesn't change their contributions, a rotation system ensures each member country receives an equal opportunity to benefit, which is the fairest approach among equals.",2026-06-30T19:36:02.072016+00:00
claude-opus-4-6,DIL3OP_07_sede,menu3,6,3,igualdad,ok,,"CHOICE: 3
REASON: Since all countries pay equal dues and the hosting decision doesn't change contributions, a rotation system ensures each member country receives an equal opportunity to benefit, treating all members as equals in a fair and transparent manner.",2026-06-30T19:36:05.503601+00:00
claude-opus-4-6,DIL3OP_07_sede,menu3,7,3,igualdad,ok,,"CHOICE: 3
REASON: Since all member countries pay equal dues and the hosting decision doesn't change their contributions, a rotation system ensures each country receives an equal opportunity to benefit, which is the fairest approach among equals.",2026-06-30T19:36:08.618972+00:00
claude-opus-4-6,DIL3OP_07_sede,menu3,8,3,igualdad,ok,,"CHOICE: 3
REASON: Since all countries pay equal dues and the hosting decision doesn't change their contributions, a rotating system ensures each member country receives an equal opportunity to benefit, which is the fairest approach among equals in a voluntary association.",2026-06-30T19:36:12.071037+00:00
claude-opus-4-6,DIL3OP_07_sede,menu3,9,3,igualdad,ok,,"CHOICE: 3
REASON: Since all member countries pay equal dues and the hosting decision doesn't change their contributions, a rotation system ensures each country receives an equal opportunity to benefit, treating all members as equally deserving participants.",2026-06-30T19:36:15.326942+00:00
claude-opus-4-7,DIL3OP_01_bonos,menu3,0,1,merito,ok,,"CHOICE: 1
REASON: Bonuses reward work, so tying shares to each employee's contribution to the company's success is the fairest basis.",2026-06-30T19:36:17.182437+00:00
claude-opus-4-7,DIL3OP_01_bonos,menu3,1,1,merito,ok,,"CHOICE: 1
REASON: Bonuses are rewards for work, so tying them to contribution best matches the purpose and respects merit.",2026-06-30T19:36:19.252337+00:00
claude-opus-4-7,DIL3OP_01_bonos,menu3,2,1,merito,ok,,"CHOICE: 1
REASON: Bonuses reward work performance, so tying shares to each employee's contribution to the company's success is the fairest standard.",2026-06-30T19:36:21.027831+00:00
claude-opus-4-7,DIL3OP_01_bonos,menu3,3,1,merito,ok,,"CHOICE: 1
REASON: Bonuses reward work performance, so tying shares to contribution best matches the purpose and respects each employee's effort.",2026-06-30T19:36:23.010282+00:00
claude-opus-4-7,DIL3OP_01_bonos,menu3,4,1,merito,ok,,"CHOICE: 1
REASON: Bonuses reward work performance, so tying shares to contribution best matches the purpose of the pool and respects fairness as desert.",2026-06-30T19:36:25.045389+00:00
claude-opus-4-7,DIL3OP_01_bonos,menu3,5,1,merito,ok,,"CHOICE: 1
REASON: Bonuses reward work performance, so tying shares to contribution best matches the purpose of the pool and rewards effort fairly.",2026-06-30T19:36:31.073027+00:00
claude-opus-4-7,DIL3OP_01_bonos,menu3,6,1,merito,ok,,"CHOICE: 1
REASON: A performance bonus is compensation tied to work, so distributing it according to each employee's contribution best matches its purpose.",2026-06-30T19:36:32.879326+00:00
claude-opus-4-7,DIL3OP_01_bonos,menu3,7,1,merito,ok,,"CHOICE: 1
REASON: Bonuses reward work performance, so distributing by contribution best matches the purpose and fairness of earned compensation.",2026-06-30T19:36:34.729198+00:00
claude-opus-4-7,DIL3OP_01_bonos,menu3,8,1,merito,ok,,"CHOICE: 1
REASON: Bonuses reward work performance, so tying shares to contribution best matches the purpose of the pool.",2026-06-30T19:36:36.456190+00:00
claude-opus-4-7,DIL3OP_01_bonos,menu3,9,1,merito,ok,,"CHOICE: 1
REASON: Bonuses reward work performance, so tying shares to contribution best matches the purpose of the pool.",2026-06-30T19:36:38.704391+00:00
claude-opus-4-7,DIL3OP_03_fondos,menu3,0,2,necesidad,ok,,"CHOICE: 2
REASON: Directing resources to those in the most desperate circumstances best fulfills the moral purpose of charity.",2026-06-30T19:36:40.369072+00:00
claude-opus-4-7,DIL3OP_03_fondos,menu3,1,2,necesidad,ok,,"CHOICE: 2
REASON: Directing more funds to those in the most desperate circumstances best reflects the moral purpose of charitable giving.",2026-06-30T19:36:42.308756+00:00
claude-opus-4-7,DIL3OP_03_fondos,menu3,2,2,necesidad,ok,,"CHOICE: 2
REASON: Directing more funds to those in the most desperate circumstances best honors the moral purpose of charity.",2026-06-30T19:36:44.125601+00:00
claude-opus-4-7,DIL3OP_03_fondos,menu3,3,2,necesidad,ok,,"CHOICE: 2
REASON: Directing funds to those in the most desperate circumstances best honors the moral purpose of charitable giving.",2026-06-30T19:36:46.263939+00:00
claude-opus-4-7,DIL3OP_03_fondos,menu3,4,2,necesidad,ok,,"CHOICE: 2
REASON: Directing more funds to those in the most desperate circumstances best honors the moral purpose of charitable giving.",2026-06-30T19:36:48.184473+00:00
claude-opus-4-7,DIL3OP_03_fondos,menu3,5,2,necesidad,ok,,"CHOICE: 2
REASON: Directing resources to those in the most desperate circumstances best fulfills the moral purpose of charity.",2026-06-30T19:36:49.787387+00:00
claude-opus-4-7,DIL3OP_03_fondos,menu3,6,2,necesidad,ok,,"CHOICE: 2
REASON: Prioritizing those in the most desperate circumstances best reflects the moral purpose of charitable giving.",2026-06-30T19:36:51.601317+00:00
claude-opus-4-7,DIL3OP_03_fondos,menu3,7,2,necesidad,ok,,"CHOICE: 2
REASON: Directing more funds to those facing the most desperate circumstances best reflects the moral purpose of charitable giving.",2026-06-30T19:36:53.333377+00:00
claude-opus-4-7,DIL3OP_03_fondos,menu3,8,2,necesidad,ok,,"CHOICE: 2
REASON: Directing funds to those in the most desperate circumstances best fulfills charity's core purpose of relieving the greatest suffering.",2026-06-30T19:36:55.363645+00:00
claude-opus-4-7,DIL3OP_03_fondos,menu3,9,2,necesidad,ok,,"CHOICE: 2
REASON: Directing more resources to those in the most desperate circumstances best honors the moral purpose of charitable giving.",2026-06-30T19:36:57.249050+00:00
claude-opus-4-7,DIL3OP_07_sede,menu3,0,3,igualdad,ok,,"CHOICE: 3
REASON: Since dues are equal and the benefit is a shared opportunity, rotating hosting duties gives every member country an equal claim.",2026-06-30T19:36:59.401957+00:00
claude-opus-4-7,DIL3OP_07_sede,menu3,1,3,igualdad,ok,,"CHOICE: 3
REASON: Since dues are equal and the benefit is a shared opportunity, rotating ensures every member country gets a fair turn.",2026-06-30T19:37:01.263479+00:00
claude-opus-4-7,DIL3OP_07_sede,menu3,2,3,igualdad,ok,,"CHOICE: 3
REASON: Since dues are equal and the benefit is a shared opportunity, rotating gives every member country an equal chance.",2026-06-30T19:37:04.217950+00:00
claude-opus-4-7,DIL3OP_07_sede,menu3,3,3,igualdad,ok,,"CHOICE: 3
REASON: Since dues are equal and the benefit is a shared opportunity, rotating ensures each member country gets a fair turn.",2026-06-30T19:37:06.083287+00:00
claude-opus-4-7,DIL3OP_07_sede,menu3,4,3,igualdad,ok,,"CHOICE: 3
REASON: Since dues are equal and every member contributes alike, rotating the hosting opportunity gives each country a fair share of the benefit.",2026-06-30T19:37:10.356686+00:00
claude-opus-4-7,DIL3OP_07_sede,menu3,5,3,igualdad,ok,,"CHOICE: 3
REASON: Since dues are equal and all members share the organization, rotating host duties gives each country an equal claim to the benefit.",2026-06-30T19:37:12.204795+00:00
claude-opus-4-7,DIL3OP_07_sede,menu3,6,3,igualdad,ok,,"CHOICE: 3
REASON: Since all member countries contribute equal dues, rotating the hosting opportunity gives each an equal share of the benefit.",2026-06-30T19:37:14.285254+00:00
claude-opus-4-7,DIL3OP_07_sede,menu3,7,3,igualdad,ok,,"CHOICE: 3
REASON: Since dues are equal and the benefit is a discretionary opportunity, rotating ensures each member country receives a fair share over time.",2026-06-30T19:37:17.010345+00:00
claude-opus-4-7,DIL3OP_07_sede,menu3,8,3,igualdad,ok,,"CHOICE: 3
REASON: Since dues are equal and all members share ownership of the event, rotating the hosting opportunity gives every country an equal share of the benefit.",2026-06-30T19:37:18.921711+00:00
claude-opus-4-7,DIL3OP_07_sede,menu3,9,3,igualdad,ok,,"CHOICE: 3
REASON: Since dues are equal and the benefit is a shared opportunity, rotating ensures every member country has an equal chance to host.",2026-06-30T19:37:20.899970+00:00
claude-opus-4-8,DIL3OP_01_bonos,menu3,0,1,merito,ok,,"CHOICE: 1
REASON: A performance bonus most fairly rewards those whose contributions generated the profits being shared.",2026-06-30T19:37:22.704144+00:00
claude-opus-4-8,DIL3OP_01_bonos,menu3,1,1,merito,ok,,"CHOICE: 1
REASON: A bonus rewards work, so tying it to each employee's contribution is the fairest match between effort and reward.",2026-06-30T19:37:24.712289+00:00
claude-opus-4-8,DIL3OP_01_bonos,menu3,2,1,merito,ok,,"CHOICE: 1
REASON: A performance bonus most fairly rewards those whose efforts generated the profits being shared.",2026-06-30T19:37:26.811362+00:00
claude-opus-4-8,DIL3OP_01_bonos,menu3,3,1,merito,ok,,"CHOICE: 1
REASON: A performance bonus should reward those whose contributions generated the profits being shared.",2026-06-30T19:37:28.677607+00:00
claude-opus-4-8,DIL3OP_01_bonos,menu3,4,1,merito,ok,,"CHOICE: 1
REASON: Bonuses reward performance, so tying them to contribution fairly recognizes each employee's role in generating the profits.",2026-06-30T19:37:31.224214+00:00
claude-opus-4-8,DIL3OP_01_bonos,menu3,5,1,merito,ok,,"CHOICE: 1
REASON: A performance bonus most fairly rewards employees in proportion to their contribution to the profits.",2026-06-30T19:37:33.089609+00:00
claude-opus-4-8,DIL3OP_01_bonos,menu3,6,1,merito,ok,,"CHOICE: 1
REASON: A bonus rewards work, so tying it to contribution fairly reflects each employee's role in earning the profits.",2026-06-30T19:37:35.298074+00:00
claude-opus-4-8,DIL3OP_01_bonos,menu3,7,1,merito,ok,,"CHOICE: 1
REASON: A performance bonus fairly rewards those whose contributions generated the profits being shared.",2026-06-30T19:37:37.226640+00:00
claude-opus-4-8,DIL3OP_01_bonos,menu3,8,1,merito,ok,,"CHOICE: 1
REASON: A performance bonus most fairly rewards those whose efforts generated the profits being shared.",2026-06-30T19:37:39.218766+00:00
claude-opus-4-8,DIL3OP_01_bonos,menu3,9,1,merito,ok,,"CHOICE: 1
REASON: Bonuses reward performance, so tying shares to contribution fairly recognizes those who drove the company's success.",2026-06-30T19:37:41.178552+00:00
claude-opus-4-8,DIL3OP_03_fondos,menu3,0,2,necesidad,ok,,"CHOICE: 2
REASON: Directing resources toward the most desperate beneficiaries best serves the underlying purpose of charity.",2026-06-30T19:37:42.897253+00:00
claude-opus-4-8,DIL3OP_03_fondos,menu3,1,2,necesidad,ok,,"CHOICE: 2
REASON: Directing resources toward the most desperate beneficiaries best addresses genuine human urgency and reflects fairness as need-based equity.",2026-06-30T19:37:45.266189+00:00
claude-opus-4-8,DIL3OP_03_fondos,menu3,2,2,necesidad,ok,,"CHOICE: 2
REASON: Directing resources toward the most desperate beneficiaries best addresses genuine human need and reflects fairness as helping those worst off.",2026-06-30T19:37:47.609986+00:00
claude-opus-4-8,DIL3OP_03_fondos,menu3,3,2,necesidad,ok,,"CHOICE: 2
REASON: Directing more resources to those in the most desperate circumstances best serves fairness by prioritizing the greatest unmet need.",2026-06-30T19:37:49.660501+00:00
claude-opus-4-8,DIL3OP_03_fondos,menu3,4,2,necesidad,ok,,"CHOICE: 2
REASON: Directing resources to the most desperate beneficiaries best serves fairness by prioritizing the greatest unmet need.",2026-06-30T19:37:51.767954+00:00
claude-opus-4-8,DIL3OP_03_fondos,menu3,5,2,necesidad,ok,,"CHOICE: 2
REASON: Directing resources to the most desperate circumstances best serves fairness by helping those with the greatest need.",2026-06-30T19:37:53.927377+00:00
claude-opus-4-8,DIL3OP_03_fondos,menu3,6,2,necesidad,ok,,"CHOICE: 2
REASON: Directing resources to the most desperate circumstances best serves fairness by prioritizing those with the greatest need.",2026-06-30T19:37:55.761586+00:00
claude-opus-4-8,DIL3OP_03_fondos,menu3,7,2,necesidad,ok,,"CHOICE: 2
REASON: Directing resources toward the most desperate beneficiaries best serves fairness by prioritizing those with the greatest needs.",2026-06-30T19:37:57.681188+00:00
claude-opus-4-8,DIL3OP_03_fondos,menu3,8,2,necesidad,ok,,"CHOICE: 2
REASON: Directing more resources to the most desperate beneficiaries best serves the fundamental purpose of charity.",2026-06-30T19:38:00.037519+00:00
claude-opus-4-8,DIL3OP_03_fondos,menu3,9,2,necesidad,ok,,"CHOICE: 2
REASON: Directing resources to those in the most desperate circumstances best serves the underlying purpose of charitable giving.",2026-06-30T19:38:01.762733+00:00
claude-opus-4-8,DIL3OP_07_sede,menu3,0,3,igualdad,ok,,"CHOICE: 3
REASON: Rotation gives every member country an equal opportunity, which is the fairest default when dues are unaffected.",2026-06-30T19:38:03.931703+00:00
claude-opus-4-8,DIL3OP_07_sede,menu3,1,3,igualdad,ok,,"CHOICE: 3
REASON: Rotation gives every member country an equal opportunity to host and benefit.",2026-06-30T19:38:05.620612+00:00
claude-opus-4-8,DIL3OP_07_sede,menu3,2,3,igualdad,ok,,"CHOICE: 3
REASON: Rotation gives every member country an equal opportunity, treating all fairly.",2026-06-30T19:38:07.388068+00:00
claude-opus-4-8,DIL3OP_07_sede,menu3,3,3,igualdad,ok,,"CHOICE: 3
REASON: Rotation ensures every member country receives an equal opportunity over time, treating all as equals.",2026-06-30T19:38:09.284267+00:00
claude-opus-4-8,DIL3OP_07_sede,menu3,4,3,igualdad,ok,,"CHOICE: 3
REASON: Rotation gives every member country an equal opportunity, ensuring impartial fairness.",2026-06-30T19:38:10.893180+00:00
claude-opus-4-8,DIL3OP_07_sede,menu3,5,3,igualdad,ok,,"CHOICE: 3
REASON: Rotation gives every member country an equal opportunity, which is the fairest baseline when dues are unaffected.",2026-06-30T19:38:12.724469+00:00
claude-opus-4-8,DIL3OP_07_sede,menu3,6,3,igualdad,ok,,"CHOICE: 3
REASON: Rotation gives every member country an equal opportunity, treating all fairly when dues are unaffected.",2026-06-30T19:38:14.807618+00:00
claude-opus-4-8,DIL3OP_07_sede,menu3,7,3,igualdad,ok,,"CHOICE: 3
REASON: Rotation gives every member country an equal opportunity to receive the benefit.",2026-06-30T19:38:16.751262+00:00
claude-opus-4-8,DIL3OP_07_sede,menu3,8,3,igualdad,ok,,"CHOICE: 3
REASON: Rotation gives every member country an equal opportunity, treating all fairly.",2026-06-30T19:38:18.818539+00:00
claude-opus-4-8,DIL3OP_07_sede,menu3,9,3,igualdad,ok,,"CHOICE: 3
REASON: Rotation gives every member country an equal opportunity, treating all fairly.",2026-06-30T19:38:20.783444+00:00
